"","V1","V2","V4","V5","V6","V7","V8","V9","V10","V11","V12","V13"
"82","1",1.82213,0.45468,0.96082,-0.31685,-0.79151,-1.23177,-0.01928,-0.91699,-0.14277,0.88113,0.40148
"118","1",-0.07854,0.45468,0.96082,-0.31685,1.60383,0.80523,1.43533,0.13136,-1.13788,0.52975,0.40148
"199","1",-0.07854,-0.05921,0.96082,-0.31685,-0.05188,0.47617,0.58331,0.76096,-0.00665,1.86203,1.2247
"343","1",-0.95197,-2.43591,0.96082,-0.31685,0.22393,-0.15487,-0.01928,-0.15487,-0.40581,0.88113,-0.84637
"344","1",0.49788,1.16365,0.96082,-0.31685,-1.86962,0.16767,1.43533,1.81866,1.13407,-0.71126,-0.84637
"350","1",0.49788,-0.61113,0.96082,-0.31685,1.02119,-0.57545,0.88309,1.2861,-0.65253,0.88113,-0.21575
"359","1",-0.07854,-0.61113,0.96082,-0.31685,-0.58016,1.58487,0.58331,0.13136,0.41594,1.29221,1.92173
"361","1",0.49788,-0.05921,0.96082,-0.31685,0.62967,0.63779,1.06238,0.94156,1.30612,0.88113,0.40148
"369","1",-0.07854,0.45468,0.96082,-0.31685,1.23461,0.32197,0.29338,0.76096,-0.65253,0.19268,-0.21575
"424","1",1.09449,1.98437,-0.57009,-0.31685,0.52135,0.00332,1.65653,0.94156,-0.00665,1.29221,0.40148
"437","1",-0.07854,0.45468,-0.57009,-0.31685,2.82196,-0.43999,-0.84732,-1.772,-2.04506,0.88113,0.07987
"459","1",-0.95197,0.45468,0.96082,-0.31685,1.23461,-1.37639,1.24033,-1.772,0.25953,0.88113,0.07987
"469","1",1.09449,-1.7379,-0.57009,-0.31685,2.82196,-1.6334,-1.42424,1.61108,-2.04506,-0.21712,0.07987
"472","1",-0.95197,-2.43591,0.96082,-0.31685,0.31287,0.00332,-0.17779,1.2861,-0.00665,0.19268,-0.21575
"481","1",0.49788,0.45468,-0.09765,-0.31685,1.02119,0.16767,0.29338,-0.15487,0.58489,0.19268,0.40148
"487","1",0.49788,-1.22751,-0.57009,-0.31685,1.8399,-1.7625,1.24033,-1.07533,0.25953,0.19268,-0.52593
"491","1",1.09449,-0.05921,0.96082,-0.31685,0.62967,0.80523,0.44585,-0.30172,-0.78155,1.29221,1.92173
"499","1",1.82213,-0.61113,0.96082,-0.31685,1.37297,-0.69509,1.43533,-0.15487,-1.92173,0.88113,1.2247
"511","1",1.09449,1.16365,0.96082,-0.31685,0.41667,0.47617,-0.17779,-0.15487,0.25953,-0.21712,-1.18084
"516","1",0.49788,-1.7379,0.96082,-0.31685,-0.14882,0.16767,-0.71727,-1.6209,0.25953,-0.21712,-0.52593
"524","1",0.49788,-2.43591,0.96082,-0.31685,0.13606,-0.80615,-1.82919,0.13136,0.41594,-1.37983,-2.07848
"535","1",-0.07854,0.45468,-0.57009,-0.31685,0.91093,0.00332,0.88309,-2.07848,-0.52745,0.19268,-0.21575
"605","1",1.82213,1.16365,-0.57009,-0.31685,-2.52197,1.11406,1.88511,1.2861,-1.0145,-0.71126,-0.52593
"614","1",-0.07854,-2.43591,-0.57009,-0.31685,-0.24649,0.63779,-0.71727,-0.91699,0.25953,1.29221,-0.21575
"634","1",0.49788,1.98437,0.96082,-0.31685,1.23461,0.16767,-0.01928,-1.07533,-0.65253,-0.21712,1.2247
"647","1",0.49788,1.16365,-0.57009,-0.31685,1.13281,0.16767,1.06238,2.03972,-1.0145,1.29221,1.92173
"699","1",0.49788,-0.61113,-0.28519,-0.31685,0.91093,0.16767,0.44585,-0.91699,0.12331,1.29221,1.2247
"714","1",-0.95197,-0.61113,-0.57009,-0.31685,0.62967,0.47617,1.06238,1.81866,0.25953,-0.21712,0.40148
"728","1",-0.07854,-1.7379,-0.09765,-0.31685,-0.58016,0.32197,0.14143,-0.60633,0.12331,1.29221,0.7654
"734","1",-0.07854,0.45468,0.96082,-0.31685,0.22393,2.127,2.44904,1.61108,-0.65253,1.29221,1.2247
"771","1",1.09449,-0.05921,0.24923,-0.31685,1.02119,-1.23177,-0.31776,-0.30172,-0.52745,-0.21712,-0.21575
"778","1",-0.95197,-0.05921,-0.57009,-0.31685,1.02119,-2.11437,-0.17779,0.43852,-0.00665,-1.37983,-0.84637
"797","1",0.49788,-0.61113,0.96082,-0.31685,1.23461,0.63779,1.43533,0.43852,-0.65253,1.86203,-0.52593
"801","1",1.09449,0.45468,-0.57009,-0.31685,0.13606,-0.94779,-0.97631,0.76096,-0.27607,-1.37983,1.2247
"803","1",-0.95197,0.45468,0.24923,-0.31685,1.98437,-1.50796,1.43533,-1.772,0.41594,0.52975,0.07987
"810","1",1.09449,0.45468,-0.57009,-0.31685,1.23461,1.74091,0.88309,-1.92595,-1.64101,0.88113,1.2247
"815","1",-0.95197,-0.61113,-0.57009,-0.31685,0.13606,-0.94779,-0.01928,0.43852,0.7583,-0.21712,-0.52593
"842","1",-0.07854,-0.61113,-0.57009,-0.31685,0.52135,-0.43999,0.14143,-1.07533,-0.27607,-1.37983,0.07987
"859","1",-0.95197,-0.61113,-0.28519,-0.50212,1.02119,-1.23177,1.06238,-1.07533,-1.25773,2.90161,0.40148
"879","1",-0.95197,-2.43591,-0.57009,-0.31685,0.62967,-0.15487,0.88309,-0.45321,-1.38502,0.19268,1.92173
"881","1",-0.07854,-0.61113,-0.57009,-0.31685,-1.1943,1.45421,1.24033,-0.91699,-0.14277,0.52975,1.2247
"893","1",-0.07854,-1.43719,0.96082,-0.31685,3.27393,-2.11437,-0.84732,-1.07533,-2.30408,0.52975,-1.18084
"901","1",-0.07854,1.16365,-0.57009,-0.31685,0.22393,-0.69509,0.29338,-0.60633,-1.13788,0.52975,0.40148
"910","1",-0.95197,-0.61113,-0.57009,-0.31685,2.127,-2.72827,-1.97495,-0.01729,-1.38502,0.52975,-0.84637
"930","1",-0.07854,0.45468,-0.09765,-0.31685,0.73545,-0.69509,1.24033,0.94156,0.41594,0.52975,0.7654
"931","1",-0.95197,-1.43719,-0.57009,-0.31685,1.13281,-1.92173,-0.01928,1.11406,-0.78155,-0.21712,1.92173
"933","1",-0.95197,-0.61113,-0.57009,-0.31685,-1.32828,1.11406,1.24033,0.28783,-0.78155,1.86203,1.92173
"941","1",-0.95197,-0.61113,-0.57009,0.126,1.60383,-0.80615,0.58331,0.43852,-1.13788,0.88113,0.7654
"942","1",-0.07854,1.16365,-0.57009,-0.31685,1.02119,-0.30033,0.44585,0.76096,-1.25773,1.29221,0.7654
"948","1",-0.95197,0.45468,-0.57009,-0.31685,0.62967,0.00332,0.44585,-0.45321,-0.65253,-0.21712,0.40148
"958","1",1.09449,-0.61113,-0.57009,-0.31685,-0.05188,-0.69509,0.7233,2.03972,-0.40581,-0.21712,-0.21575
"981","1",-0.07854,0.45468,-0.57009,-0.31685,0.62967,-0.15487,1.88511,-1.772,1.13407,0.52975,1.2247
"1018","1",0.49788,-0.61113,-0.57009,-0.31685,0.91093,-1.37639,-1.42424,-0.45321,-0.78155,0.19268,-2.07848
"1026","1",0.49788,0.45468,-0.57009,-0.50212,0.62967,0.32197,-0.45174,-0.01729,0.58489,1.29221,1.2247
"1034","1",-0.95197,-0.61113,-0.57009,-0.31685,0.52135,0.80523,0.88309,-0.15487,-0.27607,1.29221,1.2247
"1044","1",-0.07854,1.16365,-0.57009,-0.31685,1.37297,1.2861,1.88511,-2.5383,-1.25773,1.29221,1.2247
"1058","1",1.09449,1.16365,-0.28519,-0.31685,-0.58016,0.00332,1.65653,0.59042,0.93949,-1.37983,-0.52593
"1106","1",-0.07854,-0.61113,-0.28519,-0.31685,1.98437,-0.30033,0.44585,-1.21213,-1.0145,0.19268,0.7654
"1130","1",-0.07854,-0.05921,-0.57009,-0.31685,2.28554,0.80523,0.7233,-2.07848,-1.78169,1.86203,1.92173
"1138","1",-0.95197,-0.61113,-0.57009,-0.31685,-0.92104,0.47617,0.14143,1.45039,-0.27607,-0.21712,1.2247
"1148","1",1.09449,-1.22751,-0.09765,-0.31685,-0.58016,0.63779,-0.31776,0.43852,0.93949,-0.71126,-0.52593
"1150","1",0.49788,0.45468,-0.57009,-0.31685,1.72012,-1.7625,-0.58331,-0.30172,-1.25773,0.88113,-0.84637
"1168","1",0.49788,0.45468,-0.57009,-0.31685,-1.1943,1.2861,1.43533,1.2861,0.25953,-0.71126,-0.21575
"1177","1",-0.07854,1.16365,-0.57009,-0.31685,2.127,0.47617,1.88511,-2.78793,-1.25773,1.86203,1.92173
"1187","1",1.82213,1.98437,-0.57009,-0.31685,-0.34799,0.47617,0.44585,-0.45321,-0.00665,-0.21712,0.07987
"1219","1",-0.95197,-0.05921,-0.57009,-0.31685,1.02119,0.96248,0.29338,-1.6209,-0.89891,0.88113,0.40148
"1275","1",-0.07854,-0.61113,-0.57009,0.126,-0.05188,1.45421,2.15324,-0.91699,-0.52745,1.29221,1.2247
"1276","1",0.49788,-0.05921,-0.57009,-0.31685,-1.1943,-0.30033,0.7233,0.94156,1.13407,-1.37983,0.07987
"1285","1",0.49788,0.45468,-0.57009,-0.31685,-0.58016,0.47617,2.15324,-0.45321,-0.14277,0.88113,1.2247
"1298","1",0.49788,-0.61113,-0.57009,-0.31685,-0.58016,-0.94779,1.43533,0.28783,-0.65253,-0.21712,0.07987
"1326","1",-0.95197,0.45468,-0.57009,-0.31685,-0.67825,0.80523,1.06238,1.81866,0.25953,-0.21712,-0.21575
"1346","1",-0.95197,-1.22751,-0.57009,-0.31685,1.13281,-0.94779,-0.31776,0.28783,-0.40581,-0.21712,-0.52593
"1366","1",-0.95197,-0.61113,-0.57009,-0.31685,1.49158,0.63779,1.06238,-1.47955,-1.13788,0.88113,0.7654
"1368","1",-0.07854,-0.05921,-0.57009,-0.31685,2.46262,0.16767,0.14143,-1.21213,-1.5184,1.86203,1.92173
"1384","1",1.09449,-0.61113,0.96082,-0.31685,-0.05188,-0.94779,1.06238,-0.60633,-0.27607,0.19268,0.07987
"1423","1",-0.07854,0.45468,-0.57009,-0.31685,-0.24649,0.63779,1.24033,0.76096,0.58489,0.19268,1.2247
"1465","1",1.82213,0.45468,-0.57009,-0.31685,-1.86962,0.80523,0.88309,1.61108,0.93949,-0.21712,0.07987
"1473","1",-0.07854,-0.61113,-0.57009,-0.31685,2.46262,-1.92173,-0.58331,-2.35413,-2.30408,1.29221,1.2247
"1478","1",-0.07854,-0.61113,-0.57009,0.1144,1.37297,0.32197,0.7233,0.94156,0.12331,-0.71126,0.07987
"1479","1",1.09449,0.45468,-0.57009,-0.31685,1.60383,-2.32338,0.14143,-0.01729,-2.04506,0.88113,-2.07848
"1658","1",0.49788,-0.05921,0.96082,-0.31685,1.60383,0.16767,2.15324,-1.34289,-1.38502,1.86203,1.92173
"1710","1",0.49788,1.16365,0.96082,-0.31685,-0.79151,0.63779,-0.84732,-1.07533,0.25953,-0.71126,-0.21575
"1763","1",-0.07854,-0.61113,-0.57009,-0.31685,0.52135,1.93886,1.43533,-0.30172,0.93949,-0.71126,1.2247
"1771","1",-0.07854,1.16365,-0.57009,-0.31685,0.91093,0.63779,-0.45174,-1.21213,-0.78155,0.88113,1.92173
"1772","1",-0.95197,-1.22751,0.21128,-0.31685,0.82562,-0.43999,0.44585,0.43852,-1.0145,-0.71126,0.40148
"1775","1",1.09449,-1.7379,0.96082,-0.31685,1.02119,-0.69509,-1.68062,-0.30172,-0.89891,1.86203,1.92173
"1778","1",-0.95197,0.45468,-0.57009,-0.31685,1.37297,-0.69509,-2.09015,-1.34289,-1.0145,0.19268,0.40148
"1789","1",0.49788,1.98437,-0.57009,-0.31685,-0.24649,-0.15487,0.7233,0.13136,2.33337,-1.37983,-1.54858
"1807","1",-0.95197,-1.43719,-0.57009,-0.31685,1.23461,1.11406,1.06238,-1.47955,0.12331,0.88113,1.92173
"1810","1",-0.07854,-1.22751,-0.28519,-0.31685,1.37297,-0.15487,0.44585,-1.34289,-1.25773,0.88113,1.92173
"1827","1",-0.07854,0.45468,-0.57009,0.1144,0.82562,-1.6334,-0.31776,-1.47955,-1.13788,-1.37983,-1.18084
"1828","1",-0.07854,0.45468,-0.09765,-0.31685,0.13606,-2.32338,0.29338,-1.07533,-0.89891,-0.71126,-0.52593
"1837","1",-0.07854,-0.05921,-0.09765,-0.31685,-1.55078,0.96248,1.88511,1.45039,0.25953,1.29221,1.92173
"1838","1",1.82213,0.45468,-0.57009,-0.31685,0.41667,0.63779,0.44585,1.45039,-0.14277,0.88113,-0.52593
"1846","1",-0.95197,-0.61113,0.24923,-0.31685,0.62967,-0.94779,0.44585,0.59042,1.13407,1.86203,1.2247
"1861","1",1.82213,0.45468,0.24923,-0.31685,-1.69163,-1.09207,1.06238,-0.45321,-0.65253,-0.71126,0.07987
"1868","1",-0.95197,-0.61113,-0.57009,-0.31685,1.13281,-0.43999,0.29338,-0.76096,-0.14277,1.86203,-0.21575
"1","0",0.49788,-0.05921,0.96082,0.126,0.31287,-0.57545,-0.58331,-0.91699,-0.00665,-0.21712,-1.18084
"4","0",-0.95197,1.16365,0.96082,-0.31685,-0.14882,-0.80615,-0.01928,0.59042,0.58489,-1.37983,-1.18084
"5","0",0.49788,1.98437,0.96082,-0.31685,0.73545,-1.6334,-0.45174,-0.30172,1.30612,-0.21712,-0.21575
"6","0",2.59171,-1.22751,0.24923,-0.31685,-0.67825,-0.30033,-1.55521,2.03972,1.63088,-1.37983,-1.54858
"9","0",0.49788,-0.05921,0.24923,-0.31685,0.62967,2.57309,-0.97631,0.76096,1.13407,-1.37983,-1.54858
"11","0",-0.07854,0.45468,0.96082,-0.31685,-1.05308,0.80523,-1.11902,-0.76096,1.81175,0.19268,0.07987
"13","0",1.82213,0.45468,0.96082,-0.31685,2.28554,0.16767,0.44585,-1.6209,-0.78155,1.29221,0.07987
"14","0",1.82213,-0.05921,0.24923,-0.31685,-0.79151,0.80523,-0.01928,0.94156,3.46436,-0.71126,-0.84637
"15","0",1.82213,-0.05921,0.96082,-0.31685,-0.92104,1.45421,0.44585,-0.60633,1.63088,1.29221,0.7654
"17","0",0.49788,-0.61113,0.96082,-0.31685,-1.55078,-0.80615,-1.68062,0.28783,0.7583,-0.21712,-2.07848
"27","0",1.82213,-1.22751,0.24923,-0.31685,-0.05188,-1.6334,-3.27393,-0.76096,0.58489,0.19268,-1.54858
"29","0",0.49788,1.16365,0.96082,-0.31685,0.04257,-1.50796,-0.71727,0.28783,1.30612,0.19268,-0.52593
"32","0",0.49788,-1.7379,-0.28519,-0.31685,-1.1943,-0.80615,0.14143,-0.60633,-0.00665,-1.37983,-0.84637
"40","0",2.59171,-0.05921,0.96082,-0.31685,-0.24649,-0.94779,-1.11902,-0.76096,0.41594,-1.37983,-0.21575
"42","0",0.49788,0.45468,0.96082,-0.31685,0.82562,0.00332,1.06238,1.81866,-0.40581,-0.21712,-0.21575
"46","0",-0.07854,0.45468,0.96082,-0.31685,-0.46725,0.47617,1.24033,0.94156,1.63088,-1.37983,-2.07848
"47","0",1.09449,-0.61113,0.24923,-0.31685,0.31287,0.63779,-1.11902,0.28783,1.46191,-0.71126,-0.84637
"50","0",-0.07854,1.16365,0.96082,-0.22166,0.82562,-0.57545,-1.97495,-0.91699,0.25953,0.52975,1.2247
"53","0",1.82213,0.45468,0.96082,-0.31685,-0.14882,0.00332,-1.42424,0.28783,-0.78155,0.52975,-1.54858
"56","0",1.82213,-0.05921,0.96082,-0.31685,0.04257,-0.69509,-1.11902,-0.45321,-0.40581,-1.37983,-2.07848
"57","0",0.49788,-0.61113,0.96082,-0.31685,0.04257,0.00332,-1.68062,-0.01729,0.25953,-1.37983,-1.54858
"58","0",-0.07854,0.45468,0.96082,-0.31685,-0.58016,0.63779,-1.97495,0.28783,0.7583,-0.71126,-0.52593
"61","0",-0.07854,1.98437,0.96082,-0.31685,1.37297,0.32197,0.29338,-0.30172,-0.27607,-1.37983,0.07987
"70","0",1.09449,-1.7379,0.96082,-0.31685,-0.05188,-0.69509,-1.68062,0.28783,-0.00665,-1.37983,-0.84637
"72","0",1.09449,-1.22751,0.24923,-0.31685,-0.46725,1.11406,-0.31776,1.11406,0.12331,-2.55524,-0.84637
"75","0",2.59171,-1.7379,0.96082,-0.31685,-1.1943,-1.7625,-2.8595,-1.47955,0.25953,0.52975,-2.07848
"77","0",1.09449,-1.43719,0.24923,-0.31685,-0.34799,-0.69509,-1.55521,0.43852,0.58489,-2.55524,-2.07848
"81","0",2.59171,1.98437,0.24923,-0.31685,0.04257,0.32197,0.44585,-0.15487,1.46191,-0.21712,-0.21575
"84","0",1.82213,-1.43719,0.96082,-0.22166,1.02119,-0.94779,-1.11902,1.45039,-1.64101,0.19268,-0.21575
"86","0",-0.07854,-1.22751,0.96082,-0.31685,-0.46725,0.00332,-1.55521,0.13136,0.41594,0.52975,1.2247
"89","0",0.49788,-0.61113,0.96082,-0.31685,0.31287,-1.92173,-1.42424,-0.76096,-0.52745,-1.37983,-2.07848
"90","0",0.49788,1.16365,0.96082,-0.31685,0.91093,-0.57545,0.29338,-0.60633,-0.27607,0.52975,-0.21575
"91","0",0.49788,1.16365,0.96082,-0.31685,1.37297,0.32197,0.7233,0.28783,-0.78155,-1.37983,0.07987
"94","0",2.59171,-1.7379,0.96082,-0.31685,-0.14882,-0.80615,-0.97631,0.76096,0.41594,-1.37983,-1.54858
"97","0",0.49788,0.45468,0.24923,-0.31685,0.13606,-1.09207,0.29338,-0.15487,0.7583,-1.37983,-1.54858
"98","0",1.09449,1.16365,0.96082,-0.31685,-0.46725,0.63779,-0.31776,-0.60633,-1.13788,0.19268,-0.84637
"100","0",-0.07854,0.45468,0.96082,-0.31685,-0.67825,3.00537,0.7233,0.94156,1.63088,0.52975,0.40148
"102","0",1.09449,-1.7379,-0.09765,-0.31685,-0.58016,0.47617,-1.68062,-0.15487,0.93949,-1.37983,-0.84637
"104","0",1.09449,-0.05921,0.24923,-0.31685,0.04257,0.63779,-0.31776,-0.30172,0.12331,0.19268,0.7654
"105","0",-0.07854,-0.61113,0.24923,-0.31685,-0.92104,0.16767,-0.17779,1.11406,0.58489,-0.71126,0.07987
"107","0",-0.07854,-0.61113,0.96082,-0.31685,1.02119,-0.30033,-1.82919,0.28783,-0.40581,-1.37983,-0.84637
"108","0",0.49788,-1.7379,0.96082,-0.31685,0.13606,0.00332,-1.27553,-0.76096,0.58489,0.52975,-0.21575
"109","0",-0.07854,0.45468,0.96082,-0.31685,-0.46725,2.127,0.14143,0.13136,0.7583,1.86203,1.2247
"110","0",1.09449,-0.61113,0.96082,-0.31685,-0.79151,0.47617,-1.42424,-0.91699,-0.52745,-0.71126,0.07987
"113","0",-0.07854,0.45468,0.96082,-0.31685,-1.1943,0.32197,0.88309,-1.21213,-0.78155,-0.21712,-0.21575
"114","0",1.09449,-0.05921,0.96082,-0.31685,0.04257,0.63779,0.29338,0.13136,0.7583,0.19268,-0.21575
"116","0",-0.07854,-0.05921,0.24923,-0.31685,0.22393,-0.57545,-0.84732,0.28783,1.13407,-1.37983,-2.07848
"119","0",0.49788,-0.61113,-0.57009,-0.31685,1.8399,-1.92173,-2.39883,1.11406,0.25953,-0.21712,-1.54858
"120","0",0.49788,0.45468,0.96082,-0.31685,-0.34799,0.63779,-0.97631,0.28783,1.46191,-0.21712,-0.84637
"121","0",-0.07854,1.16365,0.96082,-0.31685,-1.05308,0.63779,-0.97631,-1.07533,0.7583,0.19268,1.92173
"122","0",0.49788,-0.05921,0.96082,-0.31685,1.49158,-1.23177,-1.55521,-2.07848,-0.78155,0.52975,0.07987
"124","0",-0.07854,0.45468,0.96082,-0.31685,0.22393,-0.69509,-0.45174,-0.01729,0.12331,1.29221,0.07987
"128","0",1.09449,-1.43719,0.96082,-0.31685,-0.34799,-0.80615,-0.84732,0.28783,0.93949,-1.37983,-2.07848
"130","0",1.09449,1.16365,0.96082,-0.31685,-0.79151,0.96248,-1.11902,0.94156,0.41594,0.19268,0.40148
"131","0",1.09449,-1.7379,0.96082,-0.31685,0.91093,0.32197,-1.42424,0.43852,2.33337,-0.71126,-1.18084
"132","0",1.09449,-1.7379,0.96082,0.1144,-1.55078,-0.15487,-1.27553,2.46262,0.58489,-1.37983,-2.07848
"133","0",0.49788,-1.22751,0.21128,-0.31685,-0.24649,-0.57545,-0.58331,-0.15487,0.25953,-1.37983,-1.54858
"135","0",-0.07854,1.16365,0.96082,0.126,3.27393,-1.50796,-0.31776,0.59042,-0.65253,-1.37983,0.40148
"136","0",0.49788,-1.7379,0.96082,-0.31685,-1.69163,1.58487,-0.58331,1.81866,1.63088,0.52975,-0.52593
"137","0",1.09449,0.45468,0.96082,-0.31685,-0.14882,-0.30033,-1.68062,1.81866,1.63088,1.29221,0.07987
"138","0",1.09449,0.45468,0.96082,-0.31685,-1.1943,1.58487,0.29338,0.76096,0.41594,-2.55524,-1.18084
"141","0",-0.07854,0.45468,0.96082,-0.50212,1.98437,0.32197,1.43533,0.94156,-0.27607,-0.71126,-0.21575
"142","0",0.49788,-1.7379,0.96082,-0.31685,-0.79151,0.63779,-1.11902,1.2861,0.58489,-1.37983,-2.07848
"146","0",1.09449,0.45468,0.96082,-0.31685,-0.46725,0.16767,-1.11902,2.23427,0.7583,1.29221,0.40148
"149","0",0.49788,-0.05921,0.96082,-0.31685,-0.05188,-1.09207,-2.63199,-0.91699,0.25953,-1.37983,-1.54858
"150","0",1.09449,0.45468,0.96082,-0.31685,-0.79151,1.93886,-0.71727,2.03972,1.63088,-0.21712,-1.18084
"151","0",0.49788,-0.61113,0.96082,-0.31685,-0.24649,1.2861,0.14143,0.59042,1.13407,0.19268,0.07987
"152","0",0.49788,0.45468,0.96082,-0.31685,0.52135,-1.6334,-1.82919,0.43852,-0.89891,-0.71126,-0.84637
"153","0",-0.07854,0.45468,0.96082,-0.31685,-0.46725,-1.50796,-0.71727,-0.60633,-0.65253,-2.55524,-1.54858
"155","0",-0.95197,-0.61113,0.96082,-0.31685,2.82196,-1.37639,0.7233,-0.45321,0.58489,-0.21712,0.7654
"156","0",0.49788,0.45468,0.96082,-1.10702,0.62967,-1.37639,-1.27553,0.28783,-0.27607,-0.71126,-0.84637
"157","0",0.49788,-0.61113,0.96082,-0.31685,1.23461,0.00332,-0.31776,1.11406,0.12331,0.19268,-0.52593
"159","0",0.49788,0.45468,-0.09765,-0.31685,-0.24649,0.16767,-0.31776,-0.30172,0.41594,0.88113,1.2247
"160","0",1.09449,-0.61113,0.96082,-1.10702,-0.46725,-0.57545,-0.58331,0.13136,0.25953,-0.21712,-1.18084
"163","0",-0.07854,0.45468,-0.46841,-0.31685,0.22393,0.00332,-0.17779,1.61108,0.93949,-1.37983,-0.21575
"164","0",-0.07854,-0.61113,0.96082,-0.31685,1.8399,0.00332,-0.31776,0.94156,0.12331,-0.21712,-0.84637
"165","0",-0.07854,1.98437,0.96082,-0.31685,0.13606,0.32197,-1.55521,1.45039,1.13407,-1.37983,-0.52593
"168","0",-0.07854,-0.05921,0.96082,-1.10702,0.04257,0.00332,-0.97631,-0.45321,0.93949,0.52975,-0.52593
"169","0",-0.07854,0.45468,0.96082,-0.31685,0.22393,1.2861,-1.27553,-0.30172,-1.13788,0.52975,0.40148
"170","0",-0.95197,-1.22751,0.96082,-0.31685,-0.34799,0.00332,-1.42424,0.59042,-0.14277,-0.71126,0.40148
"173","0",1.09449,-0.05921,0.96082,-0.31685,0.52135,-0.57545,-0.45174,-0.45321,0.7583,0.19268,-1.18084
"174","0",0.49788,0.45468,0.96082,-0.31685,1.02119,0.63779,1.24033,0.13136,0.25953,0.52975,0.40148
"175","0",0.49788,-0.05921,0.96082,-0.31685,1.02119,-0.57545,-2.21069,0.76096,-1.5184,0.88113,0.07987
"176","0",1.82213,0.45468,0.96082,-0.31685,0.62967,0.00332,0.44585,1.2861,0.12331,0.19268,0.07987
"177","0",0.49788,0.45468,0.96082,0.1144,-0.14882,-0.57545,-0.84732,-1.21213,-0.52745,-1.37983,-1.18084
"178","0",0.49788,0.45468,0.96082,-0.31685,1.49158,0.00332,-1.27553,-0.91699,1.13407,-0.71126,-0.52593
"179","0",1.09449,0.45468,0.96082,-0.31685,0.82562,-0.94779,-0.45174,0.76096,-0.14277,0.19268,-0.21575
"180","0",0.49788,-0.05921,0.96082,-0.31685,0.41667,-0.15487,-0.97631,1.11406,-0.65253,-1.37983,-1.18084
"181","0",1.09449,-0.05921,0.96082,-0.31685,0.31287,0.63779,-1.55521,0.28783,0.93949,0.19268,0.07987
"183","0",0.49788,-0.61113,0.96082,-0.31685,0.31287,0.80523,-0.31776,1.2861,0.7583,-1.37983,-1.18084
"184","0",-0.95197,0.45468,0.96082,-0.31685,1.98437,-0.43999,0.29338,-0.76096,0.93949,-0.71126,0.40148
"186","0",0.49788,0.45468,0.24923,-0.31685,0.31287,0.63779,-0.01928,0.76096,-0.14277,-0.21712,-0.52593
"187","0",0.49788,1.16365,0.96082,-0.31685,-0.67825,1.45421,0.14143,0.28783,1.81175,-1.37983,-1.54858
"188","0",1.82213,-1.7379,0.96082,-0.31685,-0.79151,-0.80615,-1.97495,1.11406,0.58489,-1.37983,-1.54858
"189","0",1.09449,-1.7379,0.96082,-0.31685,0.41667,-1.37639,-2.09015,0.59042,-0.27607,-1.37983,-2.07848
"190","0",-0.95197,1.16365,0.96082,-0.31685,-0.34799,0.00332,-0.45174,0.13136,0.7583,-0.71126,-0.84637
"191","0",1.82213,-0.05921,0.96082,-0.31685,-1.43907,0.00332,-0.84732,0.59042,-0.27607,-0.71126,-1.54858
"193","0",-0.07854,-0.05921,0.24923,-0.31685,-0.79151,-0.30033,-0.17779,0.28783,-0.52745,0.88113,0.07987
"194","0",1.09449,0.45468,0.96082,-0.31685,0.31287,-1.09207,-0.45174,0.13136,0.12331,-1.37983,0.07987
"195","0",-0.07854,0.45468,0.24923,0.126,-0.92104,1.2861,-0.01928,-0.01729,0.41594,-0.71126,-1.18084
"196","0",1.82213,0.45468,0.96082,-0.31685,0.62967,0.32197,0.7233,-0.30172,0.93949,0.52975,0.07987
"198","0",1.82213,0.45468,0.96082,-0.31685,-0.34799,0.47617,-0.71727,-0.91699,-0.52745,-0.71126,-0.84637
"200","0",1.09449,-0.05921,0.96082,-0.31685,-0.46725,2.32338,0.7233,1.81866,1.30612,0.52975,0.07987
"201","0",-0.95197,0.45468,0.96082,-0.31685,-0.58016,0.16767,-0.84732,1.11406,1.46191,0.52975,1.2247
"203","0",0.49788,0.45468,0.96082,-0.31685,-0.67825,1.2861,-0.45174,0.94156,1.13407,0.19268,-0.84637
"205","0",-0.07854,0.45468,0.96082,-0.31685,-0.14882,0.96248,1.24033,-0.01729,0.25953,-0.21712,0.40148
"206","0",0.49788,-1.7379,0.96082,-0.31685,-0.14882,1.11406,0.29338,-0.91699,-1.0145,1.86203,0.40148
"207","0",-0.95197,0.45468,0.96082,-0.31685,-0.05188,1.2861,0.58331,0.13136,0.41594,0.88113,0.07987
"208","0",0.49788,-0.05921,0.96082,-0.31685,-0.67825,0.47617,-0.58331,0.59042,-0.14277,-0.21712,0.40148
"209","0",0.49788,0.45468,0.96082,-0.31685,0.13606,0.00332,-0.17779,-0.30172,-0.00665,0.52975,1.2247
"211","0",-0.07854,-0.61113,0.96082,-0.31685,0.73545,0.16767,-1.42424,-0.01729,-1.25773,1.86203,0.7654
"212","0",1.09449,-1.7379,0.96082,-0.31685,-0.67825,-0.57545,-1.11902,1.11406,0.93949,-1.37983,-2.07848
"213","0",-0.07854,-0.05921,0.96082,-0.31685,0.13606,0.63779,-0.84732,1.81866,0.58489,-0.21712,-1.18084
"214","0",1.09449,-0.05921,0.21128,-0.31685,0.52135,-0.15487,-1.27553,0.94156,0.12331,-1.37983,-1.54858
"215","0",-0.07854,-0.05921,0.96082,-0.31685,-0.14882,1.11406,0.44585,1.2861,1.30612,0.19268,1.2247
"216","0",-0.07854,0.45468,0.24923,-0.31685,1.60383,-0.30033,-0.71727,1.11406,-0.40581,0.19268,0.07987
"217","0",-0.07854,-0.05921,0.96082,-0.31685,0.22393,1.11406,0.29338,1.45039,-0.00665,0.88113,0.7654
"219","0",-0.07854,1.16365,-0.28519,-0.31685,0.31287,1.11406,-0.84732,-1.07533,0.7583,-0.21712,-0.52593
"220","0",0.49788,-0.61113,0.96082,-0.31685,-0.34799,-0.57545,0.14143,1.11406,0.25953,-1.37983,-0.84637
"221","0",-0.95197,0.45468,0.96082,-0.31685,0.82562,-0.30033,0.29338,-0.01729,0.12331,0.19268,0.07987
"222","0",-0.07854,0.45468,0.96082,-0.31685,-0.14882,0.47617,-0.45174,-0.76096,0.93949,0.52975,-0.52593
"223","0",0.49788,0.45468,0.96082,-0.31685,-0.24649,0.63779,0.7233,1.11406,0.25953,1.29221,1.2247
"225","0",1.09449,0.45468,0.96082,-0.31685,-0.46725,1.45421,0.29338,0.43852,0.7583,-0.21712,-0.21575
"226","0",0.49788,0.45468,0.96082,-0.31685,-1.32828,0.63779,0.88309,-0.45321,0.25953,-1.37983,-1.54858
"227","0",1.09449,0.45468,0.96082,-0.31685,-0.46725,0.47617,-0.71727,1.45039,1.46191,-0.21712,-0.84637
"230","0",1.09449,0.45468,0.96082,-0.31685,-1.05308,1.45421,0.14143,0.94156,1.63088,-1.37983,-2.07848
"231","0",0.49788,-0.05921,0.96082,-0.31685,1.02119,-2.21069,-1.82919,0.59042,0.41594,-1.37983,-1.54858
"232","0",2.59171,1.16365,0.96082,-0.31685,0.13606,-1.09207,-0.45174,-0.45321,0.25953,-0.21712,-1.54858
"233","0",-0.07854,0.45468,0.96082,-0.31685,0.04257,1.2861,-0.01928,0.13136,0.7583,0.52975,0.7654
"235","0",-0.07854,0.45468,0.96082,-0.31685,0.41667,0.96248,-0.01928,-0.91699,1.63088,0.19268,0.40148
"236","0",-0.07854,-0.05921,0.96082,-0.31685,0.04257,0.96248,-1.27553,2.23427,2.04506,-1.37983,-2.07848
"237","0",-0.07854,1.16365,0.96082,-0.31685,1.49158,0.32197,-0.17779,0.43852,0.41594,0.19268,-0.21575
"238","0",-0.07854,-1.7379,0.96082,-0.31685,0.91093,-0.15487,-2.21069,0.28783,1.30612,-1.37983,-2.07848
"239","0",-0.95197,-1.22751,0.96082,-0.31685,0.52135,-0.15487,-0.71727,-0.60633,0.25953,-0.21712,-0.21575
"240","0",1.09449,-0.05921,0.96082,-0.31685,-1.86962,0.63779,0.7233,1.61108,0.25953,-1.37983,-0.84637
"241","0",0.49788,1.16365,0.96082,-0.31685,0.62967,-1.23177,-0.01928,1.61108,2.63199,-1.37983,-0.84637
"242","0",-0.07854,-1.22751,-0.28519,-0.31685,2.127,-1.23177,-0.84732,0.76096,-1.0145,0.19268,-1.18084
"243","0",-0.95197,-0.61113,0.96082,-0.31685,1.49158,-1.50796,-3.27393,0.76096,-0.89891,-1.37983,-1.54858
"244","0",-0.07854,0.45468,0.96082,-0.31685,-0.58016,1.11406,0.7233,0.94156,0.93949,-1.37983,-0.21575
"246","0",-0.07854,-0.61113,0.96082,-0.31685,-0.24649,-0.94779,-1.68062,-1.47955,-1.38502,-2.55524,-1.54858
"247","0",-0.07854,-0.05921,0.96082,-0.31685,1.37297,-0.69509,-1.27553,0.43852,-0.65253,-0.21712,-0.84637
"249","0",1.09449,1.98437,0.96082,-0.31685,-2.42317,0.16767,-0.31776,2.03972,1.81175,-0.71126,-1.18084
"250","0",1.09449,-0.05921,0.96082,-0.31685,1.13281,0.32197,-0.17779,0.94156,1.13407,-0.71126,-0.21575
"252","0",0.49788,0.45468,0.96082,-0.31685,0.62967,-0.94779,-0.71727,-0.15487,0.7583,-1.37983,-1.54858
"253","0",-0.95197,1.16365,0.96082,-0.31685,-1.43907,0.96248,-0.58331,2.23427,2.04506,-0.71126,-0.21575
"254","0",1.09449,1.98437,0.96082,-0.31685,-0.79151,0.16767,0.29338,-0.01729,0.93949,-1.37983,-2.07848
"256","0",0.49788,1.16365,0.96082,-0.31685,-1.1943,1.74091,1.06238,1.2861,0.7583,0.19268,0.40148
"257","0",-0.95197,-0.61113,0.96082,-0.31685,-0.46725,0.63779,-0.31776,0.76096,0.93949,-0.71126,-0.21575
"261","0",1.09449,-0.05921,0.96082,-0.31685,-0.46725,0.96248,2.15324,-0.91699,-0.00665,1.86203,1.2247
"264","0",1.82213,-2.43591,0.96082,-0.31685,-1.05308,0.00332,-0.01928,1.61108,1.13407,-0.71126,-1.54858
"265","0",-0.95197,0.45468,0.96082,-0.31685,-0.46725,0.16767,-0.01928,0.59042,0.58489,-1.37983,-1.18084
"266","0",0.49788,0.45468,0.96082,-1.10702,-0.24649,0.00332,-0.45174,-0.01729,-0.00665,-0.71126,-2.07848
"269","0",1.09449,1.16365,0.96082,-0.31685,-1.05308,1.74091,0.58331,0.43852,2.04506,-0.21712,-0.52593
"270","0",0.49788,1.16365,0.96082,-1.10702,-0.92104,0.16767,-0.84732,-0.76096,0.12331,-1.37983,-2.07848
"271","0",1.09449,1.16365,0.96082,-0.31685,-2.3436,2.127,1.65653,0.76096,0.7583,0.88113,0.40148
"272","0",1.09449,1.16365,0.96082,-0.31685,0.73545,-0.69509,0.44585,0.28783,-1.38502,-0.71126,0.7654
"274","0",-0.07854,0.45468,0.96082,-0.31685,0.22393,0.16767,-1.11902,0.28783,0.25953,-0.71126,-0.21575
"276","0",0.49788,1.16365,0.96082,-0.31685,0.41667,-0.43999,0.14143,0.43852,1.63088,-1.37983,-0.21575
"279","0",1.09449,0.45468,0.96082,-0.31685,-0.24649,-0.43999,-0.31776,0.76096,-0.00665,-0.71126,-0.52593
"282","0",1.09449,-0.61113,0.96082,-0.31685,0.04257,-0.30033,-2.21069,-0.15487,-0.14277,-0.71126,-0.84637
"283","0",1.09449,1.16365,0.96082,-0.31685,-0.05188,0.00332,0.14143,0.94156,0.93949,0.19268,0.40148
"287","0",1.09449,0.45468,0.96082,-0.31685,0.22393,-1.37639,-0.17779,-1.34289,-0.14277,-1.37983,-2.07848
"290","0",-0.07854,1.16365,0.96082,-0.31685,-2.05048,0.63779,-0.71727,1.61108,1.13407,-1.37983,-1.18084
"291","0",0.49788,-0.05921,0.96082,-1.10702,-0.92104,0.96248,-0.84732,1.45039,0.93949,-1.37983,-1.54858
"292","0",0.49788,-0.61113,0.96082,-0.31685,0.62967,-1.09207,0.44585,-0.76096,-0.40581,-1.37983,-0.52593
"293","0",1.09449,-0.05921,0.96082,-0.31685,-0.05188,-0.15487,-0.58331,-0.60633,0.41594,-0.71126,-0.52593
"294","0",-0.07854,-0.05921,0.96082,-0.31685,1.13281,0.00332,-0.17779,-0.76096,-0.40581,0.19268,-0.21575
"295","0",-0.95197,-1.43719,0.96082,-0.31685,-0.34799,0.47617,-0.17779,-0.60633,-0.14277,-0.71126,-0.84637
"297","0",2.59171,-1.7379,0.96082,-0.31685,0.82562,-0.80615,0.14143,-0.15487,1.13407,-0.21712,-0.52593
"298","0",0.49788,0.45468,0.96082,-0.31685,0.13606,-0.30033,-1.42424,1.61108,0.41594,-0.21712,-1.54858
"299","0",0.49788,-0.05921,-0.57009,-0.31685,0.82562,-0.94779,-0.17779,0.43852,0.58489,-0.71126,-0.84637
"300","0",-0.07854,-0.61113,-0.57009,-0.31685,-0.24649,-0.43999,-1.55521,0.13136,0.58489,-1.37983,-1.54858
"301","0",0.49788,1.98437,0.96082,-0.31685,0.52135,-0.43999,-0.71727,0.59042,0.93949,-0.71126,-0.84637
"302","0",1.82213,-0.05921,0.96082,-0.31685,-0.14882,0.63779,-0.01928,-0.76096,-0.40581,-0.21712,0.07987
"303","0",1.09449,0.45468,0.96082,-0.31685,-0.34799,0.00332,-1.27553,-0.15487,0.93949,-0.21712,-1.18084
"304","0",1.09449,0.45468,0.96082,-0.31685,-1.05308,-2.32338,-1.27553,1.61108,0.12331,-0.71126,-1.54858
"307","0",0.49788,-1.22751,0.96082,-0.31685,-1.69163,0.80523,-0.17779,-0.01729,1.63088,0.19268,0.07987
"309","0",1.09449,0.45468,0.96082,-0.31685,-1.32828,-0.15487,-0.84732,0.13136,0.58489,-1.37983,-1.54858
"310","0",-0.95197,-1.7379,0.96082,-0.31685,1.13281,-0.57545,-1.97495,-0.30172,-0.14277,1.86203,0.7654
"311","0",1.09449,1.16365,0.96082,-0.31685,-0.34799,0.00332,-0.45174,0.28783,0.12331,-1.37983,-0.52593
"312","0",-0.07854,1.16365,0.96082,-0.31685,0.04257,1.74091,0.29338,0.59042,1.30612,0.19268,-0.52593
"313","0",-0.95197,-1.22751,0.21128,-0.31685,-0.58016,0.16767,-0.71727,0.13136,-0.14277,-0.71126,-1.18084
"314","0",1.09449,1.98437,0.96082,-0.31685,-0.79151,0.80523,0.58331,-0.01729,0.41594,-0.71126,-0.52593
"315","0",1.82213,0.45468,0.96082,-0.31685,-0.46725,0.80523,1.06238,-0.45321,-0.78155,1.86203,0.40148
"317","0",-0.07854,-0.05921,0.96082,-0.31685,0.04257,0.00332,-0.71727,0.28783,0.93949,-1.37983,-1.18084
"318","0",1.09449,-1.7379,0.96082,0.1144,0.31287,-0.30033,-1.27553,-0.15487,0.58489,0.88113,0.40148
"319","0",1.09449,0.45468,0.96082,-0.31685,0.73545,-0.30033,-0.58331,-1.07533,-0.14277,-1.37983,-1.18084
"320","0",0.49788,-0.61113,0.96082,-0.31685,0.52135,-0.30033,-0.97631,1.81866,1.63088,-1.37983,-2.07848
"321","0",-0.95197,0.45468,0.96082,-0.31685,-0.79151,0.47617,0.44585,0.94156,0.12331,-0.21712,0.40148
"323","0",-0.07854,1.98437,0.96082,-0.31685,0.22393,0.00332,1.43533,-0.91699,0.93949,0.19268,-0.52593
"324","0",0.49788,-0.05921,0.96082,-0.31685,-0.79151,1.2861,-0.17779,0.94156,2.33337,0.19268,-0.52593
"327","0",-0.07854,-0.05921,0.96082,-0.31685,0.22393,-0.30033,-1.27553,1.11406,-0.52745,-1.37983,-2.07848
"329","0",1.09449,-0.05921,0.96082,-0.31685,-1.05308,0.47617,-0.71727,0.76096,0.7583,-0.21712,-0.21575
"331","0",1.82213,-1.22751,0.24923,-0.31685,-0.46725,-0.43999,-1.55521,0.94156,0.7583,-1.37983,-1.54858
"332","0",-0.95197,-0.61113,0.96082,-0.31685,2.82196,-1.92173,-0.84732,0.43852,-1.78169,0.19268,-0.52593
"334","0",2.59171,-1.7379,0.24923,-0.31685,-0.14882,-0.15487,-1.42424,-1.34289,-0.00665,-0.21712,0.7654
"335","0",-0.07854,1.16365,0.96082,-0.31685,0.41667,-0.57545,0.58331,0.43852,-1.0145,1.86203,0.7654
"336","0",1.09449,1.16365,0.96082,-1.10702,0.62967,0.16767,-0.17779,-0.01729,1.30612,-0.21712,-0.84637
"337","0",1.09449,-0.05921,0.24923,-0.31685,-0.58016,0.32197,1.06238,-1.772,0.41594,1.86203,0.40148
"339","0",1.09449,-0.05921,0.96082,-0.31685,-0.14882,-0.30033,-0.58331,0.94156,0.7583,-1.37983,-0.21575
"340","0",0.49788,1.16365,0.96082,-0.31685,-0.46725,1.11406,0.88309,0.28783,0.41594,-2.55524,-0.21575
"341","0",1.82213,-0.05921,0.96082,-0.31685,-1.69163,0.96248,-0.31776,0.94156,1.81175,-2.55524,-1.54858
"342","0",1.82213,-0.05921,0.96082,-0.31685,0.62967,0.00332,-0.01928,-0.15487,0.58489,0.19268,-0.52593
"345","0",0.49788,0.45468,0.96082,-0.31685,0.04257,0.47617,-0.17779,0.94156,0.25953,0.19268,-0.21575
"346","0",1.09449,0.45468,0.96082,-0.31685,-0.14882,1.74091,1.65653,2.46262,0.25953,1.86203,1.2247
"360","0",1.09449,0.45468,0.96082,-0.31685,0.52135,0.80523,-0.01928,0.13136,-0.14277,-0.21712,0.07987
"363","0",1.09449,-0.05921,0.96082,-0.31685,1.23461,-0.15487,-1.27553,0.76096,0.41594,-1.37983,-2.07848
"364","0",0.49788,1.98437,0.96082,-0.31685,0.41667,-0.15487,0.14143,-0.01729,-0.52745,-0.21712,-0.21575
"366","0",0.49788,0.45468,0.96082,-0.50212,-1.05308,0.47617,-0.17779,-0.15487,0.58489,-1.37983,-1.18084
"367","0",1.09449,0.45468,0.96082,-0.31685,-1.1943,0.47617,0.29338,0.43852,0.25953,0.19268,-0.21575
"371","0",0.49788,0.45468,0.96082,-0.31685,1.02119,2.32338,1.65653,-1.34289,0.41594,1.29221,1.92173
"372","0",-0.95197,-0.61113,0.96082,-0.31685,0.91093,0.96248,-1.11902,0.59042,0.25953,-0.21712,0.40148
"374","0",1.82213,1.16365,0.96082,-0.31685,-0.24649,1.2861,0.88309,1.61108,1.13407,-0.71126,-1.18084
"376","0",1.09449,1.16365,0.96082,-0.31685,-0.92104,0.00332,-0.71727,0.13136,0.93949,-0.71126,0.40148
"377","0",-0.07854,0.45468,0.96082,-0.31685,-0.46725,-0.57545,-1.68062,0.43852,-0.52745,-0.71126,-1.18084
"379","0",1.09449,-0.05921,0.96082,-0.31685,0.82562,-0.43999,0.7233,-0.01729,0.25953,-0.21712,-0.21575
"382","0",0.49788,1.16365,-0.28519,-0.31685,-0.79151,0.16767,-0.17779,-0.30172,0.7583,0.19268,0.40148
"383","0",1.09449,0.45468,0.96082,-0.31685,0.13606,-0.30033,-0.45174,1.11406,0.7583,-2.55524,-0.52593
"384","0",1.09449,0.45468,0.96082,-1.10702,-0.24649,0.16767,-0.97631,0.76096,0.58489,0.19268,-1.54858
"390","0",0.49788,-0.61113,0.96082,-0.31685,-0.67825,-0.43999,0.29338,0.13136,-0.00665,0.19268,-0.84637
"391","0",-0.07854,0.45468,0.96082,-0.31685,0.62967,0.00332,0.14143,0.28783,0.12331,-0.71126,-0.52593
"392","0",0.49788,-1.43719,0.96082,-0.31685,-0.46725,0.32197,-0.58331,-0.01729,1.13407,-0.71126,-1.18084
"393","0",-0.07854,-0.05921,0.96082,-0.31685,-0.79151,-0.15487,-2.21069,-0.60633,1.46191,-1.37983,-2.07848
"396","0",0.49788,0.45468,0.96082,-0.31685,-1.86962,0.63779,-0.97631,-0.30172,0.58489,-0.21712,-0.52593
"398","0",-0.07854,1.16365,0.96082,-0.31685,-0.79151,0.32197,0.29338,-1.34289,0.93949,0.88113,-0.52593
"400","0",-0.07854,-1.22751,0.96082,-0.31685,-0.14882,-0.15487,-1.97495,0.59042,0.7583,-0.71126,-0.84637
"405","0",-0.95197,-2.43591,0.96082,-0.31685,0.13606,1.58487,1.88511,1.2861,-0.00665,1.29221,0.7654
"406","0",1.09449,0.45468,0.96082,-0.31685,1.8399,-0.94779,1.65653,-0.01729,-0.40581,0.19268,0.40148
"409","0",0.49788,-0.05921,-0.57009,-0.31685,-1.55078,0.80523,0.7233,0.28783,0.58489,-0.21712,0.40148
"411","0",0.49788,-0.61113,-0.28519,-0.31685,-0.46725,-1.50796,0.29338,0.13136,-1.64101,-0.21712,-0.84637
"412","0",-0.07854,0.45468,0.96082,-0.31685,0.13606,1.11406,-0.97631,0.43852,-0.27607,-0.71126,-0.52593
"414","0",0.49788,-0.61113,0.96082,-0.31685,-1.86962,0.32197,-1.11902,-0.15487,-0.65253,0.19268,-0.21575
"418","0",-0.07854,1.98437,0.96082,-0.31685,0.31287,0.00332,1.06238,-0.45321,0.41594,-0.21712,-0.21575
"423","0",0.49788,0.45468,0.96082,0.126,-1.05308,0.80523,-0.71727,1.2861,0.93949,-0.21712,-0.84637
"428","0",-0.07854,-1.22751,0.96082,-0.31685,-0.92104,-0.15487,-2.09015,0.28783,0.7583,-1.37983,-1.54858
"430","0",-0.07854,-1.22751,0.96082,-0.31685,0.04257,0.32197,-0.97631,0.94156,-1.0145,0.19268,-0.21575
"432","0",1.09449,-1.7379,0.96082,-0.31685,0.22393,1.93886,-1.11902,1.2861,-0.14277,1.86203,0.7654
"433","0",-0.95197,0.45468,0.96082,-0.31685,-0.14882,0.96248,-1.55521,2.23427,1.63088,-0.21712,-0.52593
"434","0",-0.07854,0.45468,0.96082,-0.31685,0.04257,0.47617,-1.11902,0.59042,1.81175,-0.71126,-0.52593
"438","0",-0.95197,-0.61113,-0.57009,-0.31685,1.37297,-0.30033,0.29338,-0.15487,-1.78169,0.19268,-0.21575
"439","0",0.49788,0.45468,0.96082,-0.31685,-0.46725,0.47617,-0.58331,0.76096,1.81175,-0.21712,-0.52593
"440","0",-0.95197,-0.61113,0.96082,-0.31685,-0.67825,1.45421,-2.09015,-0.01729,0.58489,0.52975,0.07987
"441","0",-0.07854,1.16365,0.96082,-0.31685,-0.92104,0.00332,0.29338,-0.15487,-0.00665,0.19268,0.07987
"443","0",1.09449,-0.05921,0.96082,-0.31685,-0.46725,0.80523,0.58331,0.13136,0.7583,-2.55524,-0.84637
"444","0",1.09449,0.45468,0.96082,-0.31685,1.02119,-0.94779,-0.58331,-0.91699,0.41594,-0.21712,-1.54858
"445","0",-0.07854,0.45468,0.96082,-0.31685,0.22393,-1.09207,0.44585,2.75696,-0.65253,-0.71126,0.40148
"447","0",-0.95197,-0.61113,0.96082,-0.31685,1.13281,1.45421,1.06238,-1.772,-0.89891,1.29221,1.2247
"449","0",-0.95197,0.45468,0.96082,-0.31685,0.73545,-0.15487,-0.84732,0.59042,-1.0145,0.52975,0.07987
"450","0",-0.95197,1.16365,0.96082,-0.31685,-1.1943,0.80523,-0.84732,-0.15487,0.7583,0.19268,-0.52593
"451","0",0.49788,0.45468,0.96082,-0.31685,-0.14882,-0.15487,0.14143,0.13136,0.93949,-1.37983,0.07987
"454","0",-0.95197,0.45468,0.96082,-0.31685,0.82562,-0.80615,0.7233,-0.76096,-2.57309,0.88113,-0.21575
"456","0",0.49788,1.16365,0.96082,-0.31685,-0.46725,-0.57545,0.14143,0.59042,0.7583,-1.37983,-2.07848
"457","0",-0.95197,0.45468,0.96082,-0.31685,0.62967,0.00332,0.14143,0.59042,0.12331,-0.21712,0.07987
"463","0",-0.95197,0.45468,0.96082,-0.31685,0.31287,-0.80615,1.06238,0.76096,0.93949,0.19268,-0.21575
"464","0",-0.95197,1.16365,0.96082,-0.31685,1.37297,-1.09207,-0.01928,-0.45321,-0.40581,1.29221,0.7654
"465","0",-0.95197,0.45468,0.96082,-0.50212,0.31287,0.63779,1.06238,1.11406,-0.27607,-0.71126,0.7654
"470","0",-0.95197,0.45468,0.96082,-0.31685,0.13606,0.80523,0.29338,-0.15487,0.7583,-0.71126,-0.84637
"473","0",0.49788,-0.61113,-0.57009,-0.31685,1.37297,0.00332,-0.45174,-0.76096,-0.52745,0.88113,-0.21575
"474","0",1.82213,0.45468,0.96082,0.126,-0.24649,0.96248,0.14143,-0.15487,0.41594,-1.37983,-2.07848
"475","0",1.09449,0.45468,-0.57009,-0.31685,-1.1943,0.96248,-0.45174,0.76096,0.93949,-0.71126,-0.84637
"477","0",0.49788,-0.05921,0.96082,-0.31685,1.49158,-0.69509,-0.71727,-1.21213,-1.25773,1.29221,0.7654
"478","0",-0.07854,0.45468,0.96082,-0.31685,0.41667,0.80523,-0.31776,0.94156,0.58489,-0.21712,0.07987
"479","0",-0.07854,1.16365,-0.09765,-0.31685,0.41667,-0.43999,1.43533,1.45039,0.25953,0.19268,0.40148
"483","0",-0.07854,0.45468,0.96082,-0.31685,1.23461,0.47617,1.43533,0.28783,0.93949,0.19268,-0.84637
"484","0",0.49788,-1.7379,0.96082,-0.31685,-0.58016,0.96248,-0.58331,0.76096,-0.27607,-1.37983,-1.18084
"485","0",1.09449,-1.7379,0.96082,-0.31685,-0.46725,0.32197,-1.55521,1.11406,-0.78155,-1.37983,-0.84637
"500","0",0.49788,-0.05921,0.21128,-0.31685,0.04257,0.47617,-0.84732,-0.76096,1.13407,0.52975,0.7654
"501","0",-0.07854,-0.05921,0.96082,-0.31685,-0.58016,-0.15487,-1.42424,-0.01729,-0.40581,0.88113,-2.07848
"503","0",1.82213,-0.05921,0.24923,-0.31685,0.04257,-0.30033,-0.31776,-0.76096,0.58489,1.29221,0.7654
"509","0",0.49788,1.16365,-0.28519,-0.31685,-1.05308,1.11406,-0.31776,0.28783,0.12331,-1.37983,-0.52593
"515","0",-0.95197,-1.43719,-0.57009,-0.31685,-1.43907,1.93886,0.44585,0.13136,0.25953,0.88113,1.92173
"517","0",-0.07854,1.16365,0.96082,-0.31685,0.31287,-0.15487,0.29338,-0.45321,0.93949,-0.71126,-0.21575
"520","0",0.49788,0.45468,0.96082,-0.31685,0.22393,-0.30033,-0.97631,-0.76096,0.93949,-1.37983,-2.07848
"521","0",1.09449,-1.7379,-0.09765,-0.31685,0.62967,-0.30033,-0.84732,-0.45321,0.12331,-0.71126,-1.18084
"525","0",1.09449,0.45468,-0.09765,-0.31685,-0.67825,0.63779,1.06238,2.03972,2.63199,0.19268,0.07987
"529","0",-0.07854,-0.05921,0.96082,-0.31685,0.73545,1.11406,-0.01928,-0.01729,-0.00665,-0.21712,1.2247
"532","0",-0.95197,0.45468,0.96082,-0.31685,-0.24649,0.16767,-0.71727,1.61108,1.13407,0.19268,-1.18084
"534","0",0.49788,1.16365,0.96082,-0.31685,-1.86962,2.32338,-0.45174,1.45039,1.46191,0.19268,-1.18084
"536","0",-0.95197,0.45468,0.96082,-0.31685,1.37297,0.80523,-0.97631,0.94156,-0.65253,0.52975,0.07987
"537","0",1.09449,-0.61113,0.96082,-0.50212,0.73545,-0.30033,-1.27553,0.76096,-0.89891,-1.37983,-1.54858
"538","0",0.49788,0.45468,0.96082,-0.31685,1.13281,-0.30033,-0.01928,0.59042,0.58489,0.19268,0.40148
"540","0",1.09449,0.45468,0.96082,-0.31685,-1.05308,0.32197,-0.17779,-0.91699,0.12331,-1.37983,-1.54858
"541","0",1.09449,0.45468,-0.28519,-1.10702,0.22393,0.80523,-0.01928,0.76096,0.41594,0.19268,0.07987
"543","0",-0.07854,0.45468,0.96082,-0.31685,0.82562,0.63779,-0.97631,-0.76096,0.25953,-0.21712,-0.21575
"544","0",-0.95197,-1.7379,0.96082,-0.31685,1.23461,-0.57545,-0.71727,-0.76096,-1.0145,1.29221,-0.21575
"545","0",0.49788,-0.05921,0.96082,-0.31685,1.60383,0.16767,-0.45174,0.59042,-0.78155,-0.71126,-0.21575
"546","0",1.09449,-0.61113,-0.57009,-0.31685,-0.92104,-0.43999,0.88309,3.15735,-0.00665,-1.37983,-1.18084
"547","0",-0.07854,1.16365,0.96082,-0.31685,-1.86962,-0.69509,-0.97631,-0.45321,2.04506,-1.37983,-0.84637
"549","0",-0.07854,1.16365,-0.28519,-0.31685,-1.1943,1.11406,0.14143,-0.60633,-0.14277,-0.21712,-0.84637
"550","0",-0.95197,0.45468,0.96082,-0.31685,-0.14882,-0.43999,-1.42424,0.76096,1.30612,-1.37983,-0.52593
"551","0",0.49788,1.16365,0.96082,-0.31685,-0.79151,1.2861,0.14143,-1.07533,1.13407,-0.21712,1.2247
"552","0",-0.95197,1.16365,0.96082,-0.31685,1.72012,-1.50796,-0.17779,0.76096,0.25953,-0.21712,-1.18084
"553","0",-0.07854,1.16365,-0.28519,-0.22166,1.02119,-1.92173,-0.45174,-0.01729,0.41594,-0.71126,-2.07848
"554","0",-0.07854,1.98437,0.96082,-0.31685,0.62967,0.47617,-0.45174,-0.01729,1.30612,0.52975,0.07987
"555","0",1.09449,1.16365,0.96082,-0.31685,0.22393,-0.94779,-1.11902,-0.01729,0.93949,-0.71126,-1.18084
"556","0",-0.95197,0.45468,0.96082,-0.31685,-0.14882,-0.30033,0.29338,-0.15487,0.25953,-1.37983,-0.52593
"557","0",-0.07854,0.45468,0.96082,-0.31685,-1.69163,0.96248,-0.17779,1.45039,1.30612,-0.71126,-0.21575
"558","0",-0.95197,0.45468,0.96082,-0.31685,-0.46725,-0.15487,-0.58331,0.94156,-0.14277,1.29221,1.2247
"559","0",1.09449,0.45468,0.96082,-0.31685,-0.79151,0.00332,0.44585,0.28783,1.13407,0.19268,-0.52593
"560","0",-0.95197,0.45468,0.96082,-0.31685,1.02119,0.16767,-0.71727,0.28783,0.41594,-0.71126,-0.52593
"561","0",0.49788,0.45468,0.96082,-0.31685,0.62967,0.63779,0.44585,-1.07533,0.7583,-0.21712,-0.21575
"562","0",0.49788,1.16365,0.96082,0.1144,2.61139,0.47617,-1.55521,-0.30172,1.46191,-0.21712,-0.84637
"563","0",-0.07854,1.16365,0.96082,-0.31685,0.82562,0.32197,-0.58331,-1.772,-0.27607,0.19268,0.07987
"564","0",1.09449,-0.61113,0.96082,-0.31685,-0.46725,-0.43999,-0.01928,0.13136,-0.40581,1.86203,-0.84637
"565","0",1.09449,1.16365,0.96082,-0.31685,0.31287,-0.80615,0.14143,0.59042,-0.78155,-0.71126,-0.84637
"566","0",-0.95197,0.45468,0.96082,-0.31685,0.91093,1.11406,-0.97631,0.94156,0.58489,-1.37983,-1.18084
"569","0",0.49788,1.98437,0.96082,-0.31685,-0.34799,0.80523,-0.17779,-0.91699,2.63199,-0.71126,-0.52593
"570","0",0.49788,-0.05921,-0.09765,-0.31685,0.22393,1.11406,-1.11902,-1.772,-0.40581,0.52975,0.7654
"571","0",-0.95197,1.16365,0.96082,-0.31685,-1.69163,1.93886,-0.17779,1.11406,1.81175,0.19268,0.7654
"573","0",1.82213,-0.61113,-0.57009,-0.31685,-0.92104,0.96248,0.44585,-0.60633,-0.40581,0.52975,-0.21575
"574","0",0.49788,0.45468,0.96082,-0.31685,2.127,-1.50796,-1.82919,0.59042,-1.78169,-0.71126,-1.54858
"576","0",-0.07854,1.16365,0.96082,0.1144,0.82562,0.32197,0.14143,0.59042,0.93949,-0.71126,-0.52593
"577","0",-0.07854,0.45468,0.96082,-0.31685,1.02119,0.80523,-0.71727,1.2861,-0.14277,-0.71126,-0.21575
"578","0",1.09449,1.16365,0.96082,-0.31685,1.02119,-0.15487,0.29338,1.11406,1.46191,-1.37983,-1.54858
"579","0",-0.95197,1.16365,0.96082,-0.31685,-0.14882,0.80523,0.58331,0.13136,0.7583,-0.21712,-0.21575
"580","0",0.49788,-0.61113,0.96082,-0.31685,-1.1943,0.00332,-1.11902,-0.01729,-1.92173,1.86203,-0.21575
"582","0",0.49788,-0.05921,0.96082,-0.31685,0.31287,1.2861,1.65653,-0.30172,0.93949,0.52975,0.07987
"583","0",-0.95197,-0.61113,-0.57009,-0.31685,0.62967,0.00332,-0.58331,0.43852,-0.40581,-0.21712,1.2247
"587","0",-0.07854,-1.7379,0.96082,-0.31685,-0.46725,1.58487,0.44585,0.94156,0.12331,-0.21712,0.07987
"588","0",1.82213,-0.61113,-0.57009,-0.31685,-1.32828,-0.15487,0.29338,-0.91699,0.41594,0.52975,0.07987
"590","0",0.49788,0.45468,0.96082,-0.31685,0.41667,-0.43999,-0.31776,-1.6209,1.63088,-0.21712,-0.84637
"591","0",0.49788,-0.05921,-0.57009,-0.31685,-2.75696,0.96248,0.14143,0.43852,2.04506,-0.71126,-0.21575
"596","0",1.82213,-0.05921,0.24923,-0.31685,-0.34799,-0.43999,-0.31776,-0.76096,0.58489,0.88113,1.2247
"597","0",1.09449,-0.05921,-0.57009,-0.31685,0.04257,0.16767,-0.58331,0.43852,0.25953,-0.21712,-0.52593
"599","0",1.09449,1.16365,0.96082,-0.31685,0.73545,-0.57545,-0.58331,1.81866,0.12331,-0.71126,-1.18084
"604","0",0.49788,-0.61113,-0.57009,-0.31685,0.41667,0.32197,0.29338,0.94156,0.41594,-0.71126,-0.52593
"609","0",1.82213,-0.05921,0.24923,-0.31685,1.23461,-0.80615,-1.42424,1.11406,-1.5184,1.86203,-0.21575
"613","0",-0.07854,1.16365,0.96082,-0.31685,1.98437,-0.30033,-0.31776,-1.6209,-0.65253,0.19268,0.07987
"615","0",0.49788,1.16365,0.96082,-0.31685,0.13606,-0.15487,-0.45174,0.76096,-0.27607,0.88113,1.2247
"616","0",1.09449,-0.61113,-0.57009,-0.31685,1.02119,0.16767,-0.17779,-0.60633,-1.0145,1.29221,1.2247
"618","0",-0.07854,0.45468,0.96082,-0.31685,-0.05188,1.11406,0.88309,0.13136,-0.00665,0.52975,0.07987
"622","0",0.49788,1.16365,0.96082,-0.31685,-0.14882,0.47617,-0.31776,0.28783,1.63088,-0.71126,-1.54858
"623","0",1.09449,1.16365,0.96082,-0.31685,-0.34799,0.00332,-0.45174,-0.30172,-1.38502,1.86203,-0.52593
"624","0",0.49788,1.98437,0.96082,-0.31685,0.04257,0.00332,-1.27553,-0.01729,0.25953,-1.37983,-0.21575
"625","0",0.49788,-0.05921,0.96082,-0.31685,-0.34799,-0.57545,-0.58331,-0.91699,0.25953,-0.71126,-1.54858
"628","0",-0.07854,1.98437,0.96082,-0.31685,1.23461,-1.09207,-1.27553,1.61108,0.25953,-1.37983,-1.54858
"629","0",1.09449,1.98437,0.96082,-0.22166,-0.46725,0.47617,0.58331,0.28783,-0.14277,-0.21712,-2.07848
"630","0",0.49788,1.98437,0.96082,-0.31685,0.52135,-0.30033,1.65653,0.28783,1.13407,-1.37983,-2.07848
"631","0",-0.95197,0.45468,0.96082,-0.31685,0.41667,-0.15487,-0.31776,2.23427,1.13407,-1.37983,-0.52593
"632","0",-0.95197,0.45468,0.96082,-0.31685,1.23461,-0.43999,-1.27553,-0.91699,0.7583,-1.37983,-2.07848
"633","0",-0.07854,1.16365,0.96082,-0.31685,-0.67825,1.74091,0.44585,0.13136,0.25953,-0.71126,0.07987
"636","0",1.09449,0.45468,0.96082,-0.31685,-0.67825,0.32197,-0.45174,0.43852,-0.00665,0.19268,-0.21575
"637","0",0.49788,-0.05921,0.24923,-0.31685,-0.34799,0.16767,-0.97631,0.76096,0.41594,-1.37983,-1.18084
"638","0",-0.95197,0.45468,0.96082,-0.31685,-0.24649,-0.57545,-1.42424,-0.15487,1.63088,-0.71126,0.07987
"642","0",-0.07854,1.16365,0.96082,-1.10702,-1.05308,0.63779,-0.31776,1.2861,1.30612,-0.71126,0.40148
"645","0",-0.95197,0.45468,0.96082,-0.31685,-0.46725,-0.15487,-0.31776,-0.15487,0.7583,-0.21712,-0.52593
"648","0",-0.07854,0.45468,0.96082,-0.31685,-0.14882,0.80523,-1.27553,-0.01729,2.04506,0.19268,-1.18084
"649","0",1.09449,1.16365,0.96082,-0.31685,-0.46725,2.127,2.44904,1.61108,0.12331,1.29221,0.40148
"653","0",0.49788,-1.7379,0.96082,-0.31685,-0.34799,0.96248,-0.71727,0.43852,1.13407,-0.71126,-0.84637
"659","0",-0.07854,1.16365,0.96082,-1.10702,-1.32828,0.47617,-0.01928,1.11406,0.12331,-1.37983,-1.54858
"660","0",-0.95197,0.45468,0.96082,-0.31685,-0.24649,-1.09207,-0.71727,-0.15487,1.46191,-1.37983,-0.84637
"661","0",-0.07854,0.45468,0.96082,-0.31685,0.04257,0.16767,0.29338,2.03972,1.81175,0.52975,-1.18084
"662","0",-0.07854,1.98437,0.96082,-0.31685,1.23461,-1.23177,-0.31776,-1.34289,-1.38502,-0.21712,-0.52593
"664","0",-0.07854,1.98437,0.96082,-0.31685,1.13281,-0.43999,0.14143,0.28783,-0.27607,-0.71126,-0.21575
"672","0",-0.95197,-0.61113,0.96082,-0.31685,1.23461,1.11406,0.44585,0.59042,0.93949,-0.71126,0.07987
"673","0",-0.95197,1.16365,0.96082,-0.50212,0.82562,-0.69509,-0.58331,-0.60633,-1.0145,-0.71126,0.7654
"678","0",-0.95197,-0.61113,0.96082,-0.31685,0.62967,-0.30033,-0.58331,-1.21213,1.46191,-0.71126,1.2247
"682","0",0.49788,0.45468,0.96082,-0.31685,0.52135,-0.15487,-0.45174,-0.15487,-0.65253,-1.37983,-0.52593
"683","0",0.49788,-0.05921,0.96082,-0.31685,0.91093,-0.69509,1.24033,-1.21213,-1.5184,1.29221,1.92173
"685","0",-0.95197,-0.61113,0.24923,-0.31685,1.60383,0.96248,1.43533,-0.30172,-0.89891,0.88113,1.2247
"686","0",1.09449,-2.43591,-0.09765,-0.31685,-0.92104,0.63779,-0.97631,0.94156,0.25953,-1.37983,-2.07848
"688","0",1.82213,1.16365,0.96082,-0.31685,0.82562,-0.69509,-0.45174,-0.01729,-0.14277,1.86203,0.40148
"690","0",-0.07854,0.45468,0.96082,-0.31685,-0.14882,-0.15487,-0.97631,0.13136,0.41594,-0.71126,-0.52593
"691","0",1.09449,1.16365,0.96082,-0.31685,0.22393,-0.69509,-0.31776,-0.30172,-0.52745,-0.71126,-0.84637
"694","0",0.49788,1.16365,0.96082,-0.31685,-0.14882,-0.43999,-0.01928,1.2861,1.81175,-0.71126,-1.18084
"696","0",1.09449,0.45468,0.24923,0.1144,-1.69163,-0.30033,1.06238,1.61108,-0.00665,-0.71126,0.07987
"701","0",0.49788,0.45468,0.96082,-0.31685,-0.34799,0.63779,0.58331,-0.30172,-0.00665,0.88113,0.7654
"705","0",-0.95197,0.45468,0.96082,-0.31685,-0.14882,-0.94779,-1.42424,-0.45321,0.25953,0.52975,-0.84637
"711","0",-0.07854,1.16365,0.96082,-0.31685,0.52135,0.32197,0.7233,0.13136,1.13407,-0.21712,-0.52593
"720","0",0.49788,-0.05921,0.96082,-0.31685,1.60383,-0.69509,0.29338,0.76096,0.12331,-0.71126,-0.84637
"722","0",-0.07854,0.45468,0.96082,-0.31685,-0.92104,1.45421,0.29338,0.94156,0.58489,0.19268,-0.52593
"723","0",0.49788,-0.61113,0.96082,-0.31685,1.13281,-0.57545,0.7233,0.76096,-0.40581,0.19268,-0.21575
"724","0",-0.07854,1.16365,0.96082,-0.31685,0.31287,0.63779,0.7233,1.61108,0.25953,-0.21712,1.92173
"726","0",-0.07854,1.16365,0.96082,-0.22166,0.31287,0.63779,-0.58331,0.13136,-0.14277,0.19268,-0.21575
"729","0",0.49788,0.45468,0.96082,-0.31685,0.73545,0.00332,-0.97631,-0.01729,-0.00665,-0.21712,-1.18084
"731","0",-0.95197,0.45468,0.96082,-0.31685,1.23461,0.63779,0.7233,-0.15487,-0.00665,-0.71126,-0.21575
"737","0",-0.95197,-1.22751,-0.28519,-0.31685,1.23461,0.16767,1.43533,1.2861,0.58489,-0.71126,0.40148
"740","0",1.09449,1.16365,0.96082,-0.31685,0.82562,-0.30033,0.29338,0.76096,1.63088,0.52975,0.40148
"741","0",0.49788,0.45468,0.96082,-0.31685,0.62967,0.16767,-0.71727,-0.91699,-0.89891,-1.37983,-1.18084
"744","0",-0.07854,-1.7379,0.96082,-0.31685,0.73545,0.32197,-1.11902,0.43852,-0.40581,-0.71126,-0.21575
"745","0",-0.07854,1.16365,0.96082,-0.31685,-0.05188,0.47617,0.44585,0.28783,0.41594,-0.71126,-0.21575
"746","0",0.49788,-1.7379,0.96082,-0.31685,0.41667,-0.57545,-1.42424,-0.01729,-1.78169,0.19268,-0.21575
"747","0",0.49788,1.98437,0.96082,-0.31685,-1.69163,0.96248,-0.97631,1.61108,2.04506,-0.21712,-0.52593
"749","0",-0.07854,-0.05921,0.96082,-0.31685,-2.3436,1.45421,-1.82919,1.11406,1.30612,-0.21712,-0.84637
"751","0",-0.07854,1.16365,0.96082,-0.31685,0.41667,1.11406,-0.58331,1.2861,0.41594,0.19268,0.40148
"754","0",-0.95197,1.16365,0.96082,0.126,0.62967,0.32197,-0.58331,0.13136,0.7583,-0.21712,-0.21575
"755","0",-0.95197,-0.61113,0.21128,-0.31685,2.28554,-0.43999,-0.17779,0.76096,-2.18109,1.29221,0.40148
"760","0",-0.07854,0.45468,-0.09765,-0.31685,-1.32828,0.80523,1.43533,1.11406,0.12331,-0.21712,0.40148
"761","0",-0.95197,0.45468,0.96082,-0.31685,1.13281,0.80523,0.58331,0.94156,-1.5184,0.88113,-0.84637
"766","0",-0.95197,-0.05921,-0.57009,0.1144,-0.34799,0.63779,0.14143,-0.30172,0.7583,1.29221,-0.52593
"769","0",-0.95197,1.16365,0.96082,-0.50212,0.52135,-1.37639,-1.82919,0.94156,0.25953,0.52975,-0.84637
"773","0",-0.95197,-0.61113,-0.28519,-0.31685,-1.69163,0.47617,0.88309,-0.30172,-1.78169,0.19268,0.40148
"781","0",-0.95197,-0.61113,-0.57009,-0.31685,0.82562,-0.43999,0.88309,0.43852,-0.52745,0.52975,1.2247
"782","0",-0.95197,-0.61113,-0.57009,-0.31685,-0.24649,0.47617,0.88309,-0.01729,1.13407,-0.21712,1.2247
"795","0",-0.95197,0.45468,0.96082,-0.31685,-0.58016,0.80523,0.44585,0.59042,1.30612,-0.71126,0.7654
"796","0",-0.07854,-0.61113,-0.57009,-0.31685,0.13606,1.11406,0.7233,-0.30172,0.7583,-0.21712,1.2247
"806","0",-0.95197,-0.61113,-0.57009,-0.31685,1.02119,0.80523,1.06238,-1.07533,-0.52745,0.88113,1.2247
"817","0",-0.07854,1.16365,0.96082,-0.31685,1.60383,-0.80615,-0.01928,-0.30172,-1.13788,0.19268,0.40148
"819","0",-0.95197,0.45468,-0.57009,-0.31685,-0.34799,0.32197,-0.17779,-0.15487,0.12331,0.88113,1.2247
"827","0",-0.07854,1.98437,-0.09765,-0.31685,1.72012,0.47617,1.06238,0.59042,0.12331,-1.37983,0.7654
"831","0",-0.07854,1.16365,-0.57009,-0.31685,0.13606,-0.94779,1.43533,0.13136,0.58489,0.52975,1.92173
"832","0",1.09449,1.98437,-0.57009,-0.31685,0.04257,0.16767,-0.01928,-0.76096,-0.78155,0.88113,0.7654
"833","0",-0.07854,1.16365,-0.57009,-0.31685,0.82562,-0.69509,-0.01928,-0.30172,0.58489,-0.21712,-0.84637
"843","0",-0.95197,-0.61113,-0.57009,-0.31685,0.31287,0.80523,1.06238,1.11406,-0.52745,0.19268,0.40148
"845","0",-0.95197,-0.05921,0.24923,-0.31685,0.52135,-0.43999,-1.55521,1.11406,-0.65253,0.19268,-0.52593
"853","0",-0.95197,-0.61113,-0.57009,-0.31685,-0.34799,0.16767,-0.01928,-0.15487,-1.0145,1.29221,0.7654
"864","0",-0.95197,-0.61113,-0.57009,-0.31685,-0.14882,1.11406,-0.58331,-0.60633,-0.78155,0.88113,0.07987
"866","0",-0.95197,-0.61113,-0.57009,-0.31685,-0.05188,1.2861,1.43533,0.76096,2.04506,0.52975,1.2247
"867","0",-0.95197,-0.61113,-0.57009,-0.31685,-1.32828,0.32197,0.7233,0.94156,1.63088,-0.71126,0.40148
"871","0",-0.07854,1.16365,-0.57009,-0.31685,-0.67825,-0.43999,-0.01928,0.59042,-0.27607,-0.71126,-0.84637
"872","0",-0.95197,-0.61113,0.96082,-0.31685,1.49158,-1.7625,0.14143,-0.76096,-2.42317,-0.71126,-2.07848
"873","0",-0.07854,1.16365,-0.57009,-0.31685,0.22393,-1.09207,-0.58331,0.28783,-1.0145,0.52975,-0.21575
"874","0",-0.95197,-0.61113,-0.57009,0.1144,0.73545,0.32197,1.43533,-0.01729,-0.78155,1.86203,1.92173
"877","0",-0.95197,0.45468,-0.57009,-0.31685,-0.58016,1.45421,0.88309,-0.01729,0.12331,0.88113,0.40148
"887","0",-0.95197,-0.61113,-0.57009,-0.31685,-1.05308,1.45421,1.65653,1.81866,-0.78155,0.19268,-0.52593
"888","0",-0.95197,-0.61113,-0.57009,-0.31685,0.41667,0.80523,1.24033,1.11406,0.58489,-0.71126,0.07987
"895","0",-0.95197,-0.05921,0.96082,-0.31685,-1.86962,-0.30033,0.14143,0.13136,-0.65253,-0.71126,0.07987
"898","0",-0.95197,-0.61113,-0.57009,-0.31685,1.8399,-0.94779,-0.97631,-0.91699,-1.0145,2.90161,1.92173
"903","0",0.49788,0.45468,-0.57009,-0.31685,1.02119,-0.30033,1.06238,-1.07533,0.41594,-1.37983,-0.84637
"909","0",-0.07854,-0.61113,-0.57009,0.1144,1.37297,0.47617,1.06238,-0.91699,-1.78169,1.86203,1.2247
"913","0",-0.95197,-0.61113,-0.57009,-0.31685,-1.1943,2.32338,1.24033,0.94156,0.93949,0.19268,0.7654
"914","0",-0.07854,-1.43719,-0.57009,-0.31685,2.28554,-2.5383,-0.58331,-2.21844,-3.15735,1.86203,1.2247
"917","0",-0.95197,-0.61113,-0.57009,-0.31685,1.72012,-1.6334,-0.17779,1.61108,0.41594,0.52975,1.2247
"928","0",-0.95197,-0.61113,0.96082,0.1144,-0.24649,0.96248,0.7233,0.28783,-0.27607,0.52975,0.07987
"932","0",-0.95197,0.45468,0.96082,-0.31685,-0.24649,0.00332,1.06238,0.59042,2.04506,-0.71126,-0.52593
"934","0",-0.95197,-0.61113,-0.57009,-0.31685,2.28554,-0.69509,0.29338,0.13136,-0.78155,0.52975,0.7654
"937","0",-0.95197,0.45468,0.96082,-0.31685,0.31287,0.32197,-0.01928,-0.60633,0.7583,-0.71126,0.40148
"939","0",-0.07854,-1.22751,-0.28519,-0.31685,0.91093,1.2861,1.06238,-0.76096,1.46191,0.19268,0.40148
"943","0",-0.95197,-0.61113,-0.57009,-0.31685,-0.34799,-1.09207,-0.58331,1.45039,-0.89891,-0.71126,-1.54858
"946","0",-0.07854,-1.22751,0.24923,-0.31685,0.41667,0.00332,-2.39883,-0.30172,0.7583,-1.37983,-2.07848
"949","0",-0.95197,-0.61113,-0.57009,-0.31685,-1.1943,0.32197,1.88511,0.59042,-0.14277,2.90161,1.92173
"951","0",-0.07854,0.45468,0.96082,-0.31685,1.02119,-0.94779,-0.01928,-0.30172,-1.64101,0.52975,0.7654
"957","0",-0.95197,0.45468,-0.28519,-0.31685,0.04257,0.16767,1.43533,1.11406,-0.65253,0.52975,-0.52593
"963","0",-0.07854,1.16365,-0.57009,-0.31685,-1.1943,0.00332,0.7233,0.43852,-0.27607,0.19268,0.40148
"965","0",-0.95197,-0.61113,-0.57009,-0.31685,-0.58016,0.32197,0.58331,1.11406,0.25953,-0.71126,-0.52593
"966","0",-0.95197,-0.61113,-0.57009,-0.31685,-0.24649,0.16767,1.88511,1.45039,-0.40581,1.29221,1.2247
"969","0",0.49788,0.45468,0.24923,-0.31685,0.22393,0.00332,-0.17779,-0.60633,-0.52745,0.88113,0.7654
"976","0",0.49788,1.16365,0.96082,-0.31685,-0.58016,1.45421,-1.27553,1.61108,-0.40581,1.29221,1.2247
"977","0",1.09449,-0.61113,-0.57009,-0.31685,1.23461,-1.09207,-0.45174,-0.15487,0.7583,-0.71126,-0.21575
"978","0",-0.07854,1.98437,-0.57009,-0.50212,0.62967,0.16767,0.7233,-0.60633,-0.27607,-0.71126,-0.84637
"996","0",-0.07854,1.98437,-0.57009,-0.31685,-1.05308,0.80523,-0.31776,-0.15487,0.93949,-0.21712,-0.52593
"1000","0",1.09449,-0.61113,-0.28519,-0.31685,-0.34799,0.16767,0.14143,0.43852,0.7583,-1.37983,-1.18084
"1004","0",-0.95197,-1.22751,-0.57009,-0.31685,1.8399,-0.94779,0.88309,0.13136,-0.89891,-0.71126,-0.52593
"1007","0",-0.95197,-1.22751,0.96082,-0.31685,1.23461,0.96248,0.44585,-0.30172,-0.27607,0.52975,0.40148
"1009","0",-0.95197,-0.61113,-0.57009,-0.31685,-0.58016,1.45421,1.88511,1.2861,-0.78155,0.19268,1.92173
"1016","0",-0.95197,-1.22751,0.96082,-0.31685,-0.34799,-1.23177,-0.97631,0.43852,1.13407,-0.71126,-2.07848
"1020","0",-0.95197,-0.61113,0.96082,-0.31685,2.127,-2.72827,-1.11902,-0.45321,-2.42317,-0.71126,-0.84637
"1023","0",-0.95197,-1.22751,-0.57009,0.1144,0.31287,-1.09207,0.44585,0.59042,-0.65253,0.88113,0.07987
"1024","0",-0.95197,0.45468,-0.57009,-0.31685,-1.1943,-0.94779,-0.71727,-0.30172,-0.40581,-0.21712,-0.52593
"1027","0",-0.95197,1.16365,-0.57009,-0.31685,-0.34799,0.80523,0.58331,0.59042,1.30612,-0.21712,1.92173
"1028","0",-0.95197,0.45468,0.96082,-0.31685,0.52135,-0.94779,-0.84732,-1.07533,-0.40581,-0.21712,0.40148
"1032","0",-0.95197,-0.61113,0.96082,-0.31685,1.23461,-0.57545,0.44585,-0.60633,-1.0145,0.52975,1.92173
"1036","0",0.49788,1.16365,-0.57009,-0.31685,1.23461,-1.50796,-0.01928,2.75696,-0.78155,-0.21712,-2.07848
"1037","0",-0.95197,-0.61113,-0.57009,-0.31685,0.22393,-0.80615,0.7233,2.23427,1.13407,0.52975,1.2247
"1039","0",0.49788,1.16365,0.96082,-0.31685,0.62967,-0.15487,-1.97495,-0.15487,-1.0145,0.88113,0.40148
"1042","0",-0.07854,1.16365,0.96082,-0.31685,0.91093,-0.43999,-1.42424,0.76096,-0.65253,-1.37983,-0.52593
"1048","0",-0.95197,-0.61113,-0.57009,-0.31685,1.02119,0.47617,1.43533,1.61108,-0.65253,0.88113,0.7654
"1052","0",-0.95197,-0.61113,-0.57009,-0.31685,0.41667,-0.57545,0.44585,-0.30172,-0.40581,-0.21712,-0.21575
"1054","0",-0.07854,-0.61113,-0.57009,-0.31685,0.22393,-0.15487,0.7233,0.59042,1.46191,-1.37983,-1.18084
"1055","0",0.49788,-1.22751,-0.57009,-0.31685,0.31287,-1.23177,-1.11902,-1.772,-1.38502,0.19268,0.40148
"1059","0",-0.95197,-1.22751,-0.57009,0.1144,-0.24649,0.63779,-1.42424,0.13136,0.7583,1.29221,0.07987
"1060","0",-0.95197,0.45468,-0.57009,1.90725,1.23461,1.93886,1.65653,-0.15487,-0.52745,1.29221,1.2247
"1064","0",0.49788,-1.43719,0.24923,-0.31685,1.23461,-0.69509,0.58331,0.28783,1.63088,-1.37983,-1.54858
"1067","0",-0.07854,1.98437,0.96082,-0.31685,-0.92104,0.00332,1.06238,2.03972,2.04506,-1.37983,-0.21575
"1068","0",-0.07854,1.16365,-0.28519,-0.22166,-0.05188,-1.37639,-0.45174,-0.15487,1.30612,-0.21712,-1.18084
"1071","0",-0.95197,1.16365,0.96082,-0.31685,1.60383,-1.50796,-0.17779,0.28783,-0.40581,-0.71126,-1.54858
"1072","0",0.49788,1.98437,0.96082,-0.31685,-0.67825,0.32197,-0.01928,-0.30172,1.46191,-1.37983,-1.54858
"1075","0",0.49788,-0.05921,0.24923,-0.31685,0.41667,0.00332,-0.97631,0.13136,-0.14277,-1.37983,-1.18084
"1076","0",-0.07854,0.45468,-0.57009,-0.31685,1.8399,-1.92173,1.88511,-0.91699,0.25953,0.19268,1.92173
"1078","0",0.49788,-0.05921,0.96082,-0.31685,0.52135,-1.37639,-1.42424,0.13136,-1.13788,-1.37983,-1.18084
"1079","0",-0.07854,1.16365,0.96082,0.1144,0.31287,1.74091,-0.17779,0.28783,0.58489,0.52975,0.7654
"1080","0",-0.95197,1.16365,0.96082,-0.31685,-1.1943,1.58487,0.29338,1.11406,1.30612,-0.21712,-0.21575
"1082","0",-0.95197,1.16365,0.96082,-0.31685,0.62967,1.11406,-0.84732,-0.45321,-1.25773,-0.71126,-0.84637
"1083","0",-0.95197,0.45468,0.96082,-0.31685,-0.05188,-0.15487,0.44585,0.28783,0.41594,-1.37983,-0.21575
"1084","0",-0.95197,1.16365,0.96082,-0.31685,-0.24649,0.47617,0.88309,-0.15487,1.81175,0.52975,0.40148
"1086","0",-0.95197,1.16365,-0.28519,-0.31685,-0.05188,0.96248,2.15324,-0.30172,0.25953,-1.37983,-0.52593
"1087","0",-0.95197,1.16365,0.96082,-0.31685,0.52135,0.47617,-0.01928,-0.30172,0.25953,0.19268,-0.52593
"1088","0",-0.07854,1.16365,-0.57009,-0.31685,-0.46725,-0.15487,0.29338,0.59042,0.93949,0.19268,-0.84637
"1089","0",-0.07854,0.45468,0.96082,-0.31685,-1.05308,1.45421,0.14143,1.11406,-0.27607,-1.37983,0.7654
"1090","0",-0.95197,1.16365,0.96082,-0.31685,0.62967,1.45421,-0.17779,2.46262,-0.52745,1.29221,0.40148
"1091","0",1.09449,-1.7379,0.96082,-0.31685,-0.46725,0.63779,-1.11902,1.11406,0.12331,0.19268,-0.52593
"1093","0",-0.07854,0.45468,-0.09765,-0.31685,-1.43907,1.74091,-0.84732,-0.60633,0.58489,0.88113,0.40148
"1098","0",-0.95197,-0.61113,-0.57009,-0.31685,0.04257,-0.43999,-0.01928,-0.91699,-0.65253,-1.37983,-0.21575
"1099","0",-0.95197,1.16365,0.96082,-0.31685,-1.32828,1.2861,0.29338,0.43852,0.58489,-0.21712,0.40148
"1101","0",-0.95197,0.45468,-0.57009,-0.31685,0.31287,-0.15487,-0.58331,-0.30172,1.30612,-0.71126,-0.52593
"1102","0",-0.95197,1.16365,-0.28519,-0.31685,-0.79151,-0.15487,-0.17779,-0.45321,-0.40581,-0.21712,1.2247
"1103","0",-0.95197,-1.22751,-0.57009,-0.31685,-1.05308,0.32197,1.88511,-0.91699,-1.78169,0.19268,0.7654
"1105","0",-0.07854,1.98437,0.96082,-0.31685,-0.14882,-0.30033,-0.45174,2.23427,1.63088,-1.37983,0.07987
"1110","0",-0.95197,-0.61113,-0.57009,-0.31685,0.22393,-0.15487,-0.31776,2.23427,1.46191,-1.37983,-1.18084
"1117","0",-0.07854,0.45468,-0.57009,-0.31685,-1.69163,2.57309,2.90161,1.11406,-0.27607,0.52975,1.92173
"1135","0",-0.07854,1.98437,0.96082,-0.31685,-0.05188,0.32197,-0.84732,-0.01729,0.41594,-1.37983,-0.84637
"1136","0",-0.07854,0.45468,-0.28519,-0.31685,0.31287,-1.92173,-0.01928,0.59042,-1.25773,-0.21712,-0.84637
"1139","0",-0.07854,0.45468,-0.09765,-0.31685,1.60383,-1.6334,0.7233,-1.07533,-1.5184,0.52975,1.2247
"1141","0",-0.95197,-0.61113,-0.57009,-0.31685,1.98437,-1.92173,1.24033,1.45039,-1.13788,-0.21712,1.2247
"1151","0",1.82213,1.16365,-0.57009,0.1144,0.31287,-0.69509,-0.71727,-1.21213,-0.27607,0.52975,1.92173
"1153","0",-0.95197,1.16365,0.96082,-0.31685,0.41667,0.16767,0.29338,0.76096,-0.52745,0.19268,0.7654
"1155","0",-0.95197,-0.61113,0.96082,-0.31685,0.22393,-0.15487,-0.31776,-0.60633,0.41594,-0.21712,-0.52593
"1158","0",-0.07854,0.45468,0.24923,-0.31685,0.62967,-0.15487,0.14143,-0.01729,-1.13788,0.19268,1.2247
"1161","0",-0.07854,1.98437,0.96082,-0.31685,-0.14882,-0.94779,0.29338,0.94156,2.04506,-0.71126,-0.52593
"1171","0",-0.95197,-0.61113,-0.57009,-0.31685,0.41667,0.16767,1.43533,0.59042,0.58489,-1.37983,0.07987
"1176","0",-0.07854,-0.61113,-0.57009,-0.31685,-0.46725,0.32197,0.14143,1.61108,0.12331,1.29221,0.40148
"1181","0",-0.07854,-0.05921,-0.09765,-0.31685,0.41667,-0.43999,-0.58331,2.23427,-0.78155,0.52975,0.07987
"1186","0",-0.07854,0.45468,0.96082,-0.31685,1.23461,-0.30033,0.88309,0.43852,-0.00665,0.19268,0.07987
"1190","0",-0.95197,-0.61113,-0.57009,-0.31685,0.62967,0.63779,0.44585,0.13136,-2.57309,1.86203,1.2247
"1199","0",-0.07854,0.45468,-0.28519,-0.31685,0.13606,-1.6334,0.44585,0.94156,-1.64101,-0.21712,-0.84637
"1204","0",-0.95197,-1.22751,0.96082,-0.31685,-1.05308,-0.57545,-0.01928,-2.07848,-1.38502,1.29221,0.40148
"1211","0",-0.95197,-0.61113,0.24923,-0.31685,0.91093,0.16767,0.58331,-0.15487,-2.04506,-1.37983,0.40148
"1213","0",0.49788,-0.05921,0.96082,-0.31685,0.73545,0.47617,-1.42424,-0.91699,0.12331,1.29221,0.7654
"1217","0",-0.07854,1.16365,-0.57009,-0.31685,0.31287,1.2861,-0.17779,-0.76096,-1.0145,0.19268,-0.52593
"1218","0",-0.95197,-0.61113,-0.28519,-0.31685,-1.32828,0.16767,0.7233,-1.21213,-1.5184,-0.71126,0.7654
"1220","0",-0.95197,-1.22751,-0.57009,-0.31685,1.02119,-0.30033,0.14143,-1.47955,-0.65253,0.88113,1.2247
"1223","0",-0.95197,-0.61113,-0.57009,-0.31685,0.91093,-0.30033,-0.01928,-0.01729,-0.40581,-0.21712,-0.21575
"1225","0",-0.07854,0.45468,-0.57009,-0.31685,0.52135,0.63779,1.24033,-0.15487,-1.38502,0.52975,-0.21575
"1228","0",-0.95197,-1.22751,-0.57009,-0.31685,0.13606,0.16767,1.06238,-0.45321,-0.14277,0.19268,0.07987
"1229","0",-0.95197,0.45468,-0.28519,0.1144,1.02119,-1.23177,1.06238,-2.07848,-0.52745,1.29221,1.2247
"1230","0",-0.95197,-0.61113,-0.28519,-0.31685,1.60383,-0.43999,0.44585,0.59042,0.41594,0.19268,0.07987
"1234","0",1.09449,1.16365,0.96082,-0.31685,-1.69163,0.80523,1.24033,0.59042,-0.00665,-0.21712,-1.54858
"1237","0",-0.95197,0.45468,0.96082,-0.31685,-0.05188,0.16767,0.44585,-1.34289,0.41594,0.52975,0.7654
"1238","0",1.09449,-0.61113,0.96082,-0.31685,0.41667,0.00332,0.29338,0.59042,-0.00665,0.52975,-0.52593
"1239","0",0.49788,0.45468,0.96082,-0.31685,1.02119,-1.37639,-0.45174,-0.15487,-0.89891,-0.21712,-0.52593
"1240","0",-0.07854,0.45468,0.96082,-0.31685,-1.32828,0.80523,-1.27553,-1.07533,-0.14277,-0.21712,0.40148
"1241","0",1.09449,0.45468,0.96082,-0.31685,-0.92104,-1.92173,-1.42424,1.45039,0.93949,-1.37983,-0.52593
"1242","0",-0.07854,0.45468,0.96082,-0.31685,0.52135,0.00332,-0.97631,0.13136,-1.38502,-0.71126,-0.52593
"1243","0",1.09449,0.45468,0.96082,-0.31685,-1.32828,1.74091,-0.01928,0.13136,2.04506,-1.37983,-0.84637
"1244","0",1.09449,-0.05921,0.96082,-0.31685,-1.32828,-0.30033,-2.21069,1.61108,-1.25773,-1.37983,-1.54858
"1246","0",1.09449,-0.05921,0.96082,-0.31685,-0.58016,-0.30033,-0.31776,1.2861,0.58489,-1.37983,-0.21575
"1247","0",1.09449,1.16365,0.96082,-0.31685,-0.46725,-0.15487,1.43533,-0.01729,0.93949,1.86203,0.7654
"1248","0",0.49788,1.16365,0.96082,-0.31685,-0.92104,-0.15487,0.44585,-0.45321,1.13407,-0.71126,-0.52593
"1249","0",1.09449,1.98437,0.96082,0.126,0.73545,-0.15487,1.24033,-0.45321,0.7583,0.52975,0.7654
"1250","0",0.49788,-1.43719,0.96082,-0.31685,0.31287,-1.6334,-1.97495,-1.07533,-1.38502,-1.37983,-2.07848
"1251","0",0.49788,0.45468,0.96082,-0.31685,-0.34799,-1.23177,-1.97495,0.28783,-0.27607,-1.37983,-1.18084
"1252","0",-0.07854,0.45468,0.96082,0.1144,0.04257,-0.80615,-0.31776,-0.45321,-0.65253,-0.21712,-0.21575
"1253","0",1.09449,0.45468,0.96082,-0.31685,1.37297,-0.69509,0.29338,1.45039,0.12331,-1.37983,-0.52593
"1254","0",0.49788,0.45468,0.96082,-0.31685,-1.05308,-0.57545,-0.01928,-1.34289,0.58489,0.88113,0.40148
"1255","0",-0.07854,1.16365,0.96082,-0.31685,1.49158,-1.23177,-0.71727,-0.91699,-0.00665,-0.71126,-0.52593
"1256","0",-0.07854,1.98437,0.96082,-0.31685,-0.92104,0.80523,-0.58331,-0.60633,-0.00665,-1.37983,-0.84637
"1257","0",1.09449,1.16365,0.96082,-0.31685,-0.34799,-0.80615,-0.45174,-1.21213,-0.14277,1.86203,0.40148
"1258","0",1.09449,0.45468,0.96082,-0.31685,-0.67825,0.32197,-0.31776,0.28783,-0.78155,0.19268,0.40148
"1259","0",-0.07854,-0.61113,0.96082,-0.31685,1.49158,-0.57545,1.06238,1.11406,-0.78155,1.86203,0.07987
"1260","0",-0.07854,-0.05921,0.96082,-0.31685,0.31287,0.96248,-0.97631,0.13136,0.58489,0.52975,0.7654
"1261","0",1.09449,0.45468,0.96082,-0.31685,0.04257,-0.15487,-0.71727,0.28783,0.58489,-0.71126,-0.21575
"1262","0",-0.07854,-0.05921,0.96082,-0.31685,-0.34799,-0.80615,-1.11902,0.59042,-0.00665,0.52975,0.40148
"1263","0",0.49788,-1.7379,0.96082,-0.31685,-0.79151,0.00332,-1.11902,-0.30172,0.25953,0.19268,-0.21575
"1264","0",-0.07854,1.16365,0.96082,-0.31685,1.8399,-0.94779,-0.31776,-1.772,-2.04506,1.29221,1.92173
"1265","0",0.49788,-0.05921,0.96082,-0.31685,0.13606,-1.09207,-0.45174,0.59042,0.25953,-1.37983,-2.07848
"1266","0",0.49788,0.45468,0.96082,-0.31685,0.41667,0.00332,-1.11902,-1.6209,-0.00665,0.19268,0.40148
"1267","0",-0.07854,1.16365,0.96082,-0.31685,-0.05188,-0.43999,-0.45174,1.81866,0.25953,-1.37983,-0.52593
"1268","0",-0.07854,-0.05921,0.96082,-0.31685,-1.32828,-0.15487,-1.11902,0.94156,0.12331,-0.71126,-0.52593
"1269","0",1.82213,0.45468,0.96082,-0.31685,-0.14882,-0.15487,0.14143,0.76096,-0.52745,0.88113,-1.18084
"1270","0",0.49788,-0.61113,-0.28519,-0.31685,1.72012,-0.94779,-1.82919,0.76096,-1.0145,0.19268,-2.07848
"1272","0",0.49788,1.16365,0.96082,-0.31685,-1.05308,0.16767,0.44585,-0.30172,0.58489,-0.21712,-0.21575
"1273","0",1.09449,-0.05921,0.96082,-0.31685,-1.69163,-0.69509,-1.68062,0.13136,1.81175,-0.71126,0.07987
"1277","0",-0.95197,0.45468,0.96082,-0.50212,0.62967,0.16767,-1.11902,0.28783,-0.52745,0.52975,-0.52593
"1280","0",-0.95197,-0.61113,0.96082,0.1144,-1.43907,0.00332,0.14143,0.13136,-0.27607,-0.71126,0.07987
"1281","0",-0.95197,-0.61113,-0.57009,-0.31685,0.82562,-2.03972,0.44585,-1.21213,-1.92173,1.86203,1.2247
"1286","0",-0.95197,-0.61113,-0.57009,-0.31685,-0.05188,0.96248,-0.01928,-1.07533,-0.40581,-0.21712,0.40148
"1291","0",-0.07854,1.16365,-0.57009,-0.31685,0.73545,2.127,1.24033,-0.76096,1.46191,0.88113,1.92173
"1292","0",-0.95197,-0.61113,-0.57009,-0.31685,1.8399,-2.21069,0.7233,-0.76096,-1.0145,-0.21712,-0.52593
"1294","0",-0.95197,-0.61113,-0.57009,-0.31685,-0.34799,0.47617,-0.17779,-0.91699,1.30612,-0.21712,0.07987
"1296","0",0.49788,0.45468,-0.57009,-0.31685,-2.05048,0.47617,0.58331,-1.34289,-0.52745,0.52975,0.07987
"1299","0",-0.95197,-0.61113,-0.57009,-0.31685,0.22393,1.2861,0.14143,0.94156,1.13407,0.19268,-0.84637
"1302","0",-0.95197,-0.61113,-0.57009,-0.31685,-0.46725,0.80523,1.65653,0.94156,-1.38502,1.29221,0.40148
"1306","0",-0.07854,0.45468,-0.28519,0.1144,-0.34799,0.47617,0.14143,0.43852,-0.00665,0.52975,0.40148
"1307","0",-0.07854,1.16365,0.21128,-0.31685,-1.43907,2.8595,0.7233,2.23427,0.25953,0.52975,1.92173
"1309","0",-0.95197,-0.61113,0.96082,-0.31685,-0.24649,0.32197,0.29338,0.43852,0.7583,-0.21712,0.07987
"1310","0",0.49788,1.16365,-0.57009,-0.31685,-1.05308,1.93886,0.88309,-0.45321,1.81175,-0.71126,0.07987
"1311","0",-0.95197,-0.61113,-0.57009,-0.31685,-1.32828,2.32338,-2.39883,-1.47955,-1.38502,1.86203,1.2247
"1315","0",-0.07854,0.45468,0.96082,-0.31685,0.04257,0.80523,-1.68062,-1.34289,0.58489,-0.71126,-0.52593
"1316","0",-0.95197,-0.61113,-0.57009,-0.50212,0.41667,-1.23177,-0.45174,0.94156,-0.14277,0.88113,1.2247
"1319","0",-0.95197,-0.61113,-0.57009,0.1144,-0.46725,0.80523,2.15324,0.76096,-0.27607,-1.37983,-0.84637
"1320","0",-0.95197,0.45468,-0.28519,-0.31685,0.22393,0.32197,2.44904,0.43852,-1.64101,0.19268,-0.21575
"1322","0",-0.95197,-0.61113,-0.57009,-0.31685,0.41667,-0.57545,1.06238,0.43852,-1.0145,0.19268,-0.52593
"1327","0",-0.07854,0.45468,0.96082,-0.31685,1.8399,-0.80615,1.24033,-1.6209,-1.13788,0.88113,0.40148
"1330","0",-0.95197,-0.05921,0.24923,-0.31685,1.8399,-1.37639,-1.82919,-0.91699,2.33337,-1.37983,-1.18084
"1334","0",-0.95197,0.45468,0.96082,-0.31685,0.04257,1.58487,-0.71727,0.76096,1.30612,0.19268,-0.52593
"1335","0",-0.95197,0.45468,0.96082,-1.10702,0.13606,0.00332,-0.45174,-0.76096,0.7583,0.19268,-0.21575
"1340","0",0.49788,1.98437,-0.28519,-0.31685,-0.34799,-0.43999,1.24033,0.13136,-1.5184,0.52975,0.40148
"1347","0",-0.95197,-0.61113,0.96082,-0.31685,-1.05308,2.57309,0.29338,-1.21213,-1.25773,1.86203,0.7654
"1348","0",-0.95197,-0.61113,-0.57009,-0.31685,-2.05048,-0.94779,0.14143,-0.01729,-0.65253,0.19268,0.40148
"1349","0",-0.95197,0.45468,0.96082,-0.31685,0.41667,-0.57545,-0.97631,-0.15487,1.46191,-1.37983,-2.07848
"1351","0",-0.95197,-1.22751,-0.57009,-0.31685,-0.58016,0.63779,1.24033,0.76096,0.12331,0.19268,0.07987
"1358","0",-0.95197,-0.61113,-0.09765,-0.31685,0.52135,0.96248,1.65653,-0.01729,1.30612,0.52975,0.07987
"1359","0",-0.95197,-0.61113,-0.28519,-0.31685,-1.05308,0.80523,1.65653,-1.21213,-2.30408,-0.21712,0.7654
"1361","0",-0.07854,1.16365,0.96082,-0.31685,0.31287,-0.57545,0.14143,0.59042,2.04506,-0.21712,0.07987
"1363","0",0.49788,0.45468,-0.57009,-0.31685,-0.05188,-0.94779,0.29338,1.11406,-0.89891,0.88113,-0.21575
"1364","0",-0.95197,-1.7379,0.24923,-0.31685,0.13606,-0.30033,-0.01928,-1.772,-2.18109,1.29221,0.40148
"1369","0",-0.07854,1.16365,0.96082,-0.31685,-0.58016,-0.43999,-1.55521,0.76096,-0.52745,-1.37983,-2.07848
"1375","0",-0.07854,1.16365,0.96082,-0.31685,0.62967,0.32197,-0.45174,1.45039,0.93949,-1.37983,-0.52593
"1376","0",-0.07854,1.16365,0.24923,0.126,1.49158,-0.94779,0.7233,-0.01729,2.04506,-0.21712,-1.18084
"1378","0",-0.07854,0.45468,0.96082,-0.31685,-1.1943,0.80523,-0.97631,-0.45321,0.58489,-0.71126,-1.18084
"1381","0",-0.95197,0.45468,-0.57009,-0.31685,-0.67825,0.32197,0.44585,0.76096,0.12331,1.29221,1.92173
"1383","0",-0.95197,-0.61113,0.96082,-0.31685,-0.24649,-0.43999,-0.31776,-0.01729,0.58489,-1.37983,-1.18084
"1385","0",-0.07854,1.98437,-0.57009,-0.31685,0.52135,0.32197,1.65653,-0.60633,-0.65253,-0.21712,-0.52593
"1386","0",0.49788,-0.05921,0.96082,-0.31685,0.62967,0.47617,0.44585,-0.60633,-0.89891,1.29221,0.40148
"1391","0",-0.07854,1.16365,0.96082,-0.31685,1.37297,0.32197,-0.17779,-0.01729,0.41594,-0.71126,-0.84637
"1392","0",-0.07854,1.16365,0.96082,-0.31685,0.73545,0.00332,0.14143,0.76096,1.46191,-1.37983,-0.52593
"1393","0",-0.07854,0.45468,0.96082,-0.31685,0.41667,-0.15487,-0.01928,0.76096,0.58489,-0.21712,-0.52593
"1394","0",-0.07854,1.16365,0.96082,-0.31685,1.72012,-0.43999,-1.27553,1.45039,-0.89891,-1.37983,-1.54858
"1395","0",-0.95197,0.45468,0.96082,-0.31685,-0.58016,0.47617,0.88309,1.61108,0.58489,-0.21712,0.40148
"1397","0",-0.07854,0.45468,0.96082,-0.31685,0.82562,-0.80615,-0.58331,-0.45321,-0.27607,-0.71126,-0.52593
"1398","0",-0.07854,1.16365,0.96082,-0.31685,1.02119,0.96248,-0.97631,-0.60633,-0.14277,-1.37983,-1.18084
"1399","0",-0.07854,0.45468,0.96082,-0.31685,0.62967,0.16767,0.14143,1.2861,0.41594,-0.71126,-1.18084
"1400","0",-0.07854,0.45468,0.96082,-0.31685,0.91093,0.00332,0.88309,0.94156,-0.52745,-1.37983,0.07987
"1401","0",-0.07854,0.45468,0.96082,-0.31685,0.41667,0.00332,-1.11902,0.13136,0.58489,-1.37983,-0.84637
"1402","0",-0.95197,0.45468,0.96082,-0.31685,-2.42317,0.16767,-1.82919,2.75696,-0.89891,-2.55524,-0.84637
"1403","0",-0.07854,1.98437,0.96082,-0.22166,1.60383,1.2861,0.58331,0.28783,-0.78155,0.52975,-1.18084
"1404","0",-0.07854,0.45468,0.96082,-0.31685,0.22393,-0.57545,-1.55521,0.43852,-1.38502,-1.37983,-0.84637
"1405","0",-0.07854,1.16365,0.96082,-0.31685,-0.79151,0.80523,1.24033,1.2861,0.41594,0.19268,1.2247
"1407","0",-0.07854,1.98437,0.96082,-0.31685,-2.21844,-0.94779,-0.71727,0.13136,-0.52745,-0.71126,0.7654
"1408","0",-0.07854,0.45468,0.96082,-0.31685,-0.58016,-0.43999,0.58331,1.45039,1.30612,-0.71126,-1.18084
"1409","0",-0.07854,0.45468,-0.57009,-0.31685,0.41667,-0.30033,1.43533,-0.30172,1.46191,-0.21712,0.40148
"1410","0",-0.07854,1.16365,0.96082,-0.31685,1.02119,0.80523,1.24033,-0.01729,0.25953,-1.37983,0.07987
"1411","0",-0.07854,0.45468,0.96082,-0.31685,1.02119,-0.69509,-0.31776,-0.76096,0.7583,-0.71126,-0.84637
"1412","0",-0.07854,1.98437,0.96082,-0.31685,-0.34799,2.32338,1.43533,0.59042,0.58489,-0.21712,0.07987
"1415","0",-0.95197,0.45468,0.96082,-0.50212,0.91093,-0.69509,-0.71727,0.28783,-0.00665,-0.71126,-0.52593
"1416","0",-0.07854,1.16365,0.21128,-0.31685,-0.14882,-0.30033,-1.27553,1.81866,-0.27607,-1.37983,-1.18084
"1425","0",-0.95197,-0.05921,0.96082,0.1144,0.04257,0.00332,-0.17779,0.28783,1.81175,0.88113,0.40148
"1427","0",-0.95197,-0.61113,-0.57009,-0.31685,0.73545,-0.30033,-0.71727,0.43852,-0.89891,-0.21712,-0.21575
"1429","0",-0.95197,-0.61113,-0.57009,-0.31685,1.23461,1.11406,-0.58331,-2.21844,-0.65253,1.86203,0.40148
"1430","0",1.09449,1.98437,0.96082,-0.31685,-1.05308,-1.23177,-0.71727,-0.45321,0.58489,-0.71126,-1.54858
"1431","0",-0.07854,1.16365,0.96082,-0.22166,0.31287,-0.94779,-0.58331,2.75696,1.46191,-1.37983,-1.18084
"1432","0",-0.07854,1.16365,0.96082,-0.31685,0.41667,-1.37639,-1.11902,0.59042,0.25953,-1.37983,-2.07848
"1433","0",1.82213,1.16365,0.96082,-0.31685,-0.79151,0.00332,0.14143,0.28783,0.7583,0.52975,-0.52593
"1434","0",1.82213,-0.05921,0.96082,-0.31685,-0.79151,-0.57545,0.29338,0.28783,-1.13788,1.86203,0.40148
"1438","0",0.49788,1.16365,0.96082,-0.31685,-0.14882,0.00332,-0.84732,0.76096,0.41594,-1.37983,-1.18084
"1439","0",1.09449,1.16365,0.96082,-0.31685,-1.1943,-0.15487,0.14143,1.45039,1.30612,-0.71126,-1.18084
"1440","0",-0.07854,1.16365,0.96082,-0.31685,1.02119,-0.94779,-0.71727,1.2861,0.93949,-1.37983,-1.54858
"1441","0",0.49788,1.98437,0.96082,-0.31685,-0.46725,0.96248,0.7233,0.94156,0.58489,-0.71126,-1.18084
"1442","0",0.49788,1.16365,0.96082,-0.31685,-0.67825,-0.43999,-1.11902,1.81866,0.93949,-0.71126,-0.84637
"1443","0",1.09449,1.16365,0.96082,-0.31685,-1.43907,0.16767,0.29338,0.94156,1.13407,-1.37983,-1.18084
"1444","0",-0.07854,1.16365,0.96082,-0.31685,-0.67825,0.96248,0.29338,1.11406,2.04506,0.19268,-0.84637
"1445","0",-0.07854,1.16365,0.96082,-0.31685,0.04257,0.63779,-1.11902,-0.60633,1.81175,-0.21712,0.07987
"1446","0",-0.07854,0.45468,-0.57009,-1.10702,-1.1943,1.45421,0.58331,1.2861,1.63088,0.52975,0.7654
"1447","0",-0.95197,1.16365,0.96082,-0.50212,-0.58016,0.16767,-0.84732,0.59042,0.7583,-0.21712,-0.21575
"1448","0",-0.07854,1.16365,0.96082,-0.31685,-1.05308,1.11406,0.88309,-1.07533,1.46191,-0.21712,-0.52593
"1449","0",-0.07854,1.98437,0.96082,-0.31685,-1.05308,-0.57545,-0.01928,1.11406,1.81175,-1.37983,-0.21575
"1451","0",-0.95197,0.45468,0.96082,-0.31685,0.31287,0.16767,-1.55521,0.43852,1.13407,-1.37983,-1.18084
"1452","0",-0.07854,1.98437,0.96082,-0.31685,-0.46725,0.00332,-0.17779,0.76096,0.7583,-0.71126,-0.52593
"1454","0",1.09449,1.16365,0.96082,-0.31685,-2.05048,0.63779,0.14143,1.45039,1.63088,-0.71126,-0.84637
"1455","0",-0.07854,1.98437,0.96082,-0.31685,0.52135,-1.09207,-0.45174,1.81866,0.41594,-1.37983,0.40148
"1456","0",-0.07854,0.45468,0.96082,-0.31685,-1.32828,-0.57545,-0.17779,0.43852,1.13407,-0.71126,-0.52593
"1457","0",-0.95197,0.45468,0.96082,-0.31685,-0.92104,0.80523,-0.01928,1.11406,-0.65253,-0.21712,-0.84637
"1458","0",0.49788,1.98437,0.96082,-0.31685,-2.05048,1.58487,0.14143,0.13136,0.7583,0.19268,-0.84637
"1463","0",-0.07854,-0.61113,-0.57009,1.90725,0.73545,-0.57545,-0.31776,-0.91699,-0.14277,0.88113,-0.21575
"1464","0",-0.95197,0.45468,-0.57009,-0.31685,-0.58016,0.32197,0.7233,-0.15487,0.58489,-1.37983,-0.52593
"1466","0",-0.07854,1.16365,0.96082,-0.31685,-0.14882,-0.80615,-1.27553,1.2861,0.12331,-1.37983,-0.52593
"1467","0",-0.95197,0.45468,0.96082,-0.31685,0.31287,0.00332,-0.01928,0.76096,-0.27607,-1.37983,-1.18084
"1471","0",-0.07854,1.16365,-0.57009,-0.31685,-0.24649,0.32197,0.88309,0.43852,0.12331,-0.71126,0.07987
"1477","0",0.49788,-0.05921,-0.57009,-0.31685,-0.05188,-0.57545,-2.09015,-0.01729,-0.27607,-0.71126,-0.84637
"1480","0",1.09449,1.98437,0.96082,-0.31685,-0.92104,0.00332,0.14143,0.13136,0.7583,-0.21712,-0.21575
"1481","0",-0.07854,0.45468,0.96082,-0.31685,-0.24649,0.47617,0.7233,1.61108,-0.14277,-0.71126,0.7654
"1483","0",-0.07854,1.98437,0.96082,-0.31685,-1.05308,1.45421,-0.84732,0.94156,0.58489,-0.71126,-0.52593
"1485","0",-0.07854,0.45468,0.96082,-0.31685,-0.05188,-0.30033,-1.27553,-0.01729,0.7583,-0.71126,-1.18084
"1487","0",-0.07854,-0.61113,-0.57009,-0.31685,-0.46725,-0.43999,-0.17779,-1.772,-1.25773,1.86203,1.92173
"1488","0",-0.07854,1.98437,0.96082,-0.31685,1.37297,-0.69509,-0.58331,-1.47955,1.13407,0.88113,-2.07848
"1489","0",-0.95197,1.16365,0.96082,-0.31685,-0.05188,1.11406,-1.42424,-0.45321,-0.78155,0.88113,1.2247
"1496","0",1.09449,-2.43591,-0.57009,-0.31685,0.62967,-0.15487,-0.45174,-0.45321,-1.0145,0.19268,-0.52593
"1499","0",-0.95197,-0.61113,-0.57009,-0.31685,0.62967,0.16767,0.58331,-2.07848,-0.00665,1.86203,-0.21575
"1502","0",-0.95197,0.45468,-0.57009,0.126,-0.46725,0.00332,-0.31776,0.13136,-0.52745,1.29221,1.2247
"1503","0",0.49788,-0.05921,-0.57009,-0.31685,1.72012,-2.72827,0.29338,1.2861,-0.78155,-0.21712,-0.21575
"1504","0",1.09449,1.98437,0.96082,-0.31685,0.04257,1.58487,1.06238,0.59042,2.04506,-0.21712,-0.52593
"1505","0",-0.95197,-1.7379,0.96082,-0.31685,2.82196,-2.44904,1.06238,-0.76096,-2.18109,-0.21712,-0.84637
"1506","0",-0.95197,0.45468,0.96082,-0.31685,1.02119,-0.69509,0.88309,-1.772,-0.40581,0.19268,0.40148
"1507","0",-0.07854,-0.05921,-0.57009,-0.31685,0.73545,-1.23177,0.7233,0.59042,-0.00665,0.52975,0.7654
"1526","0",-0.95197,0.45468,0.96082,-0.31685,-1.86962,1.93886,0.58331,-1.47955,0.12331,1.29221,1.92173
"1529","0",-0.07854,0.45468,-0.57009,0.1144,-0.14882,0.96248,1.24033,0.76096,-0.27607,-0.21712,0.07987
"1533","0",0.49788,-0.61113,0.21128,-0.31685,0.31287,0.00332,-0.84732,-0.60633,-0.52745,-0.71126,0.07987
"1534","0",-0.95197,-0.61113,-0.57009,0.1144,-0.46725,0.80523,0.29338,2.03972,1.81175,-1.37983,-0.21575
"1535","0",-0.95197,-0.61113,-0.57009,-0.31685,0.13606,-0.94779,-1.11902,0.43852,-1.13788,-0.71126,0.7654
"1536","0",-0.95197,-0.61113,-0.57009,0.1144,0.04257,1.74091,-0.58331,-0.45321,2.33337,0.88113,1.92173
"1538","0",-0.95197,-0.61113,-0.57009,-0.31685,0.62967,-0.15487,1.88511,1.45039,0.12331,0.88113,-0.84637
"1543","0",-0.95197,-0.61113,-0.57009,-0.31685,1.02119,-0.94779,0.88309,0.13136,-0.14277,-0.71126,0.40148
"1545","0",-0.95197,-0.61113,-0.57009,-0.31685,1.49158,0.16767,0.88309,-0.01729,0.58489,0.52975,0.7654
"1547","0",-0.07854,1.16365,0.96082,-0.31685,-0.67825,-0.94779,0.58331,0.28783,1.30612,-0.71126,-0.84637
"1548","0",-0.07854,-0.05921,0.96082,-0.31685,-0.46725,0.00332,-1.11902,0.28783,-0.00665,0.19268,-0.52593
"1549","0",1.82213,-0.05921,0.96082,-0.31685,0.41667,-1.50796,-1.82919,-0.91699,-0.40581,-1.37983,-2.07848
"1550","0",1.09449,-0.61113,0.96082,-0.31685,-0.14882,-0.94779,-1.27553,-0.60633,0.41594,-0.21712,0.07987
"1551","0",1.09449,-0.05921,0.96082,-0.31685,-0.58016,-0.57545,-1.27553,0.94156,0.93949,-1.37983,-2.07848
"1554","0",-0.95197,1.16365,0.96082,-0.31685,0.31287,0.80523,-0.97631,0.28783,0.25953,-0.21712,0.40148
"1555","0",-0.07854,-0.61113,0.96082,-0.31685,-1.32828,1.58487,-0.58331,1.61108,1.13407,0.19268,-0.21575
"1556","0",1.82213,0.45468,0.96082,-0.31685,-1.86962,1.58487,0.44585,0.76096,1.63088,0.19268,-0.52593
"1557","0",-0.95197,0.45468,0.96082,-0.22166,-0.92104,-0.15487,-0.84732,-0.76096,1.30612,-0.71126,-0.21575
"1558","0",-0.07854,1.16365,0.96082,-0.50212,0.73545,0.16767,-0.71727,-0.91699,1.13407,-1.37983,-0.84637
"1559","0",0.49788,0.45468,0.96082,-0.31685,0.62967,-1.50796,-0.31776,0.28783,-0.14277,-0.71126,-2.07848
"1560","0",1.09449,-2.43591,0.96082,-0.31685,0.22393,-0.30033,-1.27553,-0.60633,-0.27607,-0.21712,-0.52593
"1562","0",0.49788,0.45468,0.96082,-0.31685,-0.05188,1.74091,-2.8595,-0.76096,2.63199,-1.37983,-1.54858
"1563","0",1.09449,-0.05921,0.96082,-0.31685,-0.46725,-0.30033,-1.42424,1.45039,2.04506,-0.71126,-0.52593
"1564","0",0.49788,-0.05921,0.96082,-0.31685,0.82562,0.80523,0.29338,1.2861,0.25953,-1.37983,-1.18084
"1565","0",1.09449,-0.05921,0.96082,-0.31685,2.46262,-2.5383,-0.31776,-0.91699,-0.78155,-0.71126,-1.54858
"1568","0",-0.07854,1.16365,0.96082,-0.31685,-1.05308,1.2861,-0.45174,-0.15487,-0.00665,0.88113,-0.84637
"1570","0",-0.95197,-0.61113,0.96082,-0.31685,-0.58016,-0.30033,-0.84732,0.59042,0.58489,-0.71126,-1.54858
"1571","0",-0.07854,1.16365,0.96082,-0.31685,0.31287,0.00332,-0.31776,0.59042,0.41594,0.19268,0.7654
"1572","0",1.09449,-0.05921,0.96082,-0.31685,1.02119,0.32197,0.7233,1.61108,-0.52745,0.88113,-0.84637
"1573","0",0.49788,0.45468,0.96082,-0.31685,-0.05188,0.96248,-1.11902,0.94156,1.63088,-1.37983,-2.07848
"1574","0",0.49788,-0.61113,0.96082,-0.31685,-0.24649,0.16767,-1.82919,-0.45321,0.41594,-1.37983,-0.52593
"1575","0",-0.07854,1.16365,0.96082,-0.31685,-0.24649,0.80523,-0.58331,1.45039,0.93949,0.19268,-0.84637
"1576","0",1.09449,0.45468,0.96082,-0.31685,-1.05308,-0.15487,-1.11902,-0.45321,0.58489,-1.37983,-0.84637
"1577","0",1.09449,1.16365,0.96082,-0.31685,0.41667,-0.43999,1.43533,1.2861,0.7583,-0.21712,-0.52593
"1578","0",0.49788,-1.7379,0.96082,-0.31685,-0.46725,0.16767,-0.45174,1.2861,0.58489,-1.37983,-0.52593
"1579","0",1.09449,-0.05921,0.96082,-0.31685,0.62967,-1.50796,-2.39883,-0.91699,0.12331,-1.37983,-2.07848
"1580","0",0.49788,1.16365,0.96082,-0.31685,-0.24649,-0.15487,-1.27553,0.43852,1.46191,-0.21712,-0.84637
"1582","0",0.49788,1.16365,0.96082,-0.31685,0.73545,2.32338,0.14143,1.81866,0.12331,0.19268,0.7654
"1583","0",-0.07854,0.45468,0.96082,-0.31685,0.13606,1.11406,0.14143,-0.15487,0.58489,0.88113,0.40148
"1584","0",0.49788,0.45468,0.96082,-0.31685,0.04257,-0.15487,0.88309,-0.30172,0.58489,0.19268,-0.84637
"1585","0",0.49788,-0.05921,0.96082,-0.31685,-0.34799,0.80523,-1.68062,-0.60633,0.41594,-0.21712,-0.21575
"1588","0",0.49788,0.45468,0.96082,-0.31685,0.82562,-0.69509,-0.84732,1.45039,1.13407,-0.21712,0.40148
"1589","0",1.09449,-0.05921,0.96082,-0.31685,-2.05048,0.80523,-0.97631,2.75696,1.13407,-1.37983,-2.07848
"1590","0",1.09449,0.45468,0.96082,-0.31685,-0.79151,1.93886,-0.45174,1.11406,0.41594,0.88113,1.92173
"1591","0",0.49788,1.98437,0.96082,-0.31685,0.04257,0.80523,0.29338,-0.01729,-0.14277,-0.21712,-0.52593
"1592","0",-0.07854,0.45468,0.96082,-0.31685,-0.24649,1.11406,-0.45174,-0.15487,0.41594,-0.71126,-0.84637
"1593","0",-0.07854,0.45468,0.96082,-0.31685,-0.58016,1.74091,0.88309,-0.01729,-0.27607,1.29221,0.7654
"1594","0",1.82213,-0.61113,0.96082,-0.31685,-0.05188,0.63779,0.14143,0.43852,0.41594,-0.21712,-1.54858
"1595","0",0.49788,0.45468,0.96082,-0.31685,-0.67825,0.32197,-0.97631,0.59042,0.12331,-0.71126,-0.84637
"1596","0",-0.07854,1.16365,0.96082,-0.31685,-0.79151,1.2861,-1.82919,0.13136,0.7583,-0.71126,-0.84637
"1597","0",-0.07854,-0.05921,0.96082,-0.31685,-1.1943,1.11406,-1.42424,0.28783,-0.00665,-0.71126,-0.84637
"1598","0",-0.07854,-0.05921,0.96082,-0.31685,-0.67825,0.96248,-1.11902,-0.15487,0.58489,0.19268,-0.21575
"1600","0",1.82213,1.16365,0.96082,-0.31685,0.31287,0.47617,1.06238,-0.30172,-0.78155,0.52975,0.7654
"1601","0",-0.07854,0.45468,0.96082,-0.31685,-0.05188,2.8595,1.88511,0.94156,-0.89891,1.86203,1.2247
"1603","0",-0.07854,0.45468,0.96082,-0.50212,-0.24649,2.127,-2.21069,-0.91699,-0.14277,1.29221,-0.21575
"1604","0",0.49788,-0.05921,0.96082,-0.31685,-1.55078,1.45421,0.44585,0.43852,0.58489,-0.71126,-1.18084
"1605","0",0.49788,1.16365,0.96082,-0.31685,-0.79151,0.32197,-0.01928,-0.15487,1.13407,-0.21712,-0.21575
"1607","0",-0.07854,0.45468,0.96082,-0.31685,-0.14882,-1.09207,-1.68062,0.94156,0.7583,-0.71126,-2.07848
"1608","0",1.09449,0.45468,0.96082,-0.31685,0.22393,0.63779,-0.97631,0.76096,-0.52745,-1.37983,-2.07848
"1609","0",-0.07854,0.45468,0.96082,-0.31685,-0.34799,-0.43999,-1.42424,1.11406,0.93949,-1.37983,-1.54858
"1610","0",0.49788,0.45468,0.96082,-0.22166,0.13606,1.2861,-0.97631,0.43852,-0.00665,-0.21712,-0.21575
"1612","0",0.49788,1.98437,0.96082,-0.31685,-1.1943,0.47617,1.24033,1.11406,3.00537,-0.21712,0.07987
"1623","0",0.49788,-0.05921,0.96082,-0.31685,-0.79151,0.32197,-1.27553,0.76096,0.7583,-1.37983,-1.18084
"1624","0",-0.07854,-0.05921,0.96082,-0.31685,-1.43907,0.63779,-1.42424,0.59042,0.58489,-1.37983,-1.18084
"1625","0",-0.07854,1.16365,0.96082,-0.31685,-1.86962,1.2861,-1.27553,-0.15487,1.46191,-1.37983,-2.07848
"1626","0",-0.07854,1.16365,0.96082,-0.31685,0.62967,0.00332,-0.01928,0.76096,-0.00665,-1.37983,-0.52593
"1627","0",1.09449,-0.05921,0.96082,-0.31685,0.13606,-0.15487,-0.84732,0.28783,0.58489,0.52975,-0.52593
"1628","0",0.49788,0.45468,0.96082,-0.31685,-0.14882,0.47617,0.88309,-1.07533,-1.0145,0.19268,0.40148
"1629","0",0.49788,-0.05921,0.96082,-0.31685,-2.21844,0.47617,-0.17779,2.75696,1.13407,-0.71126,-0.84637
"1631","0",1.09449,-0.05921,0.96082,-1.10702,-0.34799,0.32197,-0.84732,-0.30172,0.41594,0.88113,0.40148
"1632","0",-0.95197,-1.22751,0.96082,-0.31685,0.04257,-1.37639,-1.27553,-0.01729,-0.00665,-1.37983,-2.07848
"1634","0",1.09449,-0.05921,0.96082,-0.31685,0.04257,0.63779,-1.68062,-1.07533,-0.00665,-0.71126,-1.18084
"1636","0",1.09449,-1.7379,0.96082,-0.31685,0.22393,-0.57545,-0.71727,0.28783,0.41594,-0.71126,-0.52593
"1637","0",1.09449,-0.05921,0.96082,-0.31685,-0.05188,0.16767,-0.97631,-0.15487,-0.27607,0.19268,-1.18084
"1638","0",0.49788,-0.05921,0.96082,-0.31685,0.31287,0.63779,-0.58331,0.59042,0.12331,0.52975,0.07987
"1639","0",1.09449,-0.05921,0.96082,-0.31685,1.02119,0.00332,-0.17779,0.94156,0.93949,0.19268,-0.84637
"1640","0",-0.07854,1.16365,0.96082,-0.31685,-1.69163,0.47617,-1.42424,-0.30172,1.13407,-1.37983,-0.84637
"1641","0",1.09449,-0.05921,0.96082,-0.31685,0.04257,-0.80615,-0.01928,0.43852,-0.14277,-0.71126,-0.84637
"1642","0",-0.07854,1.16365,0.96082,-0.31685,-0.67825,-0.15487,-0.71727,0.76096,0.25953,-0.21712,-0.21575
"1646","0",-0.07854,1.16365,0.96082,-0.31685,-0.67825,0.47617,-0.17779,0.76096,1.46191,-0.21712,-0.52593
"1647","0",-0.07854,0.45468,0.96082,-0.31685,-0.14882,-0.30033,-0.84732,-0.30172,1.46191,-0.71126,-0.21575
"1648","0",-0.07854,0.45468,0.96082,-0.31685,0.04257,1.58487,1.24033,1.2861,0.58489,1.29221,0.40148
"1651","0",-0.07854,1.98437,0.96082,-0.31685,-0.79151,0.96248,-0.31776,1.81866,1.46191,-0.71126,0.07987
"1653","0",0.49788,0.45468,0.96082,-0.31685,-0.79151,1.11406,-1.82919,0.76096,0.93949,-0.71126,-1.54858
"1654","0",-0.95197,0.45468,0.96082,-0.31685,1.72012,-1.23177,-0.71727,-0.60633,0.12331,-1.37983,0.40148
"1657","0",1.09449,0.45468,0.96082,-0.31685,-2.21844,0.63779,0.29338,0.13136,0.41594,-1.37983,-0.84637
"1659","0",-0.95197,-2.43591,0.96082,-0.31685,-0.67825,-0.15487,-0.31776,1.61108,-0.27607,-0.71126,0.40148
"1661","0",-0.07854,-0.61113,0.96082,-0.31685,-1.05308,0.00332,-0.31776,0.43852,-0.78155,0.19268,0.40148
"1662","0",-0.07854,1.98437,0.96082,-0.31685,0.04257,0.47617,0.44585,0.76096,-0.14277,1.86203,1.2247
"1663","0",-0.07854,0.45468,0.96082,-0.31685,-0.58016,0.47617,-0.71727,2.03972,0.93949,0.19268,-0.21575
"1665","0",-0.07854,1.98437,-0.09765,-0.31685,0.13606,-0.43999,-1.55521,-0.01729,0.93949,-1.37983,-1.54858
"1667","0",0.49788,0.45468,-0.09765,-0.31685,-1.1943,-0.57545,-0.71727,0.43852,0.93949,0.88113,0.7654
"1670","0",-0.07854,0.45468,0.96082,-0.31685,-0.58016,0.16767,-0.58331,0.76096,-1.13788,-0.21712,0.07987
"1674","0",-0.07854,0.45468,0.96082,-0.31685,2.28554,-2.11437,-0.97631,1.11406,-0.65253,-1.37983,-0.84637
"1675","0",-0.95197,-0.61113,-0.57009,-0.31685,1.37297,0.00332,-0.01928,0.76096,-0.27607,0.19268,-0.21575
"1676","0",1.09449,-0.05921,0.96082,-0.31685,-0.24649,0.80523,-1.68062,1.2861,1.13407,-0.71126,-1.54858
"1677","0",-0.95197,0.45468,0.96082,-0.31685,0.13606,0.63779,-0.01928,-2.21844,1.63088,0.19268,0.40148
"1678","0",-0.95197,0.45468,0.96082,-0.31685,-0.05188,1.2861,-0.71727,0.43852,0.41594,-0.71126,-0.52593
"1679","0",1.09449,-0.61113,0.96082,-0.31685,-0.24649,1.58487,-0.84732,1.2861,0.58489,-0.71126,-0.84637
"1683","0",-0.95197,-0.61113,-0.57009,-1.10702,1.37297,-2.03972,0.88309,-0.01729,-1.13788,-0.21712,0.40148
"1684","0",0.49788,-0.05921,0.96082,-0.31685,-1.05308,0.63779,-0.45174,0.59042,0.58489,-0.21712,-0.21575
"1685","0",-0.07854,-0.05921,0.24923,-0.31685,1.49158,-2.32338,-1.11902,2.03972,-0.27607,-0.71126,-1.54858
"1686","0",-0.07854,1.16365,-0.57009,-0.31685,0.13606,0.96248,1.65653,0.43852,-0.27607,0.52975,0.07987
"1689","0",-0.07854,1.98437,0.96082,-0.31685,-1.43907,0.80523,-0.01928,2.46262,-0.27607,-0.21712,-0.21575
"1690","0",-0.07854,0.45468,0.96082,-0.31685,0.73545,-0.30033,-0.31776,0.43852,-0.40581,-1.37983,-0.21575
"1691","0",-0.07854,0.45468,0.96082,-0.31685,-0.46725,0.80523,-0.97631,1.45039,1.13407,-1.37983,-1.18084
"1696","0",1.09449,0.45468,0.96082,-0.31685,0.62967,-0.57545,0.7233,-0.15487,0.41594,0.52975,-0.84637
"1697","0",-0.07854,1.16365,-0.57009,-0.31685,-1.69163,0.80523,0.7233,-0.15487,-0.00665,-0.21712,0.07987
"1699","0",0.49788,0.45468,-0.57009,-0.31685,1.98437,-0.80615,2.15324,0.76096,-0.00665,1.29221,1.92173
"1700","0",-0.07854,-0.05921,0.96082,-0.31685,-0.58016,0.47617,-1.97495,0.28783,0.93949,-0.71126,-0.84637
"1705","0",-0.95197,-0.05921,0.96082,-0.31685,-0.46725,0.80523,-0.58331,0.94156,-0.14277,0.52975,-0.84637
"1706","0",0.49788,0.45468,0.96082,-0.31685,-0.46725,0.96248,-0.84732,0.28783,1.13407,0.19268,-0.21575
"1707","0",1.09449,0.45468,0.96082,-0.31685,-1.05308,1.2861,-0.84732,0.94156,-0.14277,-0.21712,-0.52593
"1708","0",0.49788,-1.22751,0.96082,-0.31685,-0.79151,-0.80615,0.7233,-0.91699,0.25953,-0.71126,-0.21575
"1709","0",-0.07854,0.45468,0.96082,-0.31685,0.04257,1.74091,0.58331,0.13136,-0.14277,1.29221,1.2247
"1711","0",0.49788,1.98437,0.96082,0.1144,-2.3436,1.74091,-0.01928,0.59042,2.63199,0.88113,-0.21575
"1712","0",1.09449,-1.7379,0.96082,-0.31685,-0.05188,-0.30033,-1.68062,1.2861,1.46191,-1.37983,-1.18084
"1715","0",0.49788,1.16365,0.96082,0.1144,0.41667,-0.80615,1.06238,0.76096,0.58489,-0.71126,-0.21575
"1717","0",-0.07854,0.45468,0.96082,-0.31685,0.04257,-0.43999,-0.01928,0.94156,-1.38502,-0.71126,0.07987
"1718","0",-0.07854,0.45468,0.96082,-0.31685,0.41667,1.11406,-1.11902,2.46262,1.30612,-1.37983,-1.54858
"1719","0",-0.07854,-1.22751,0.96082,-0.31685,-0.46725,0.16767,-2.63199,0.59042,1.13407,0.52975,-0.84637
"1722","0",1.09449,-0.05921,0.96082,-0.31685,-1.32828,0.16767,-0.58331,0.28783,0.58489,-1.37983,-0.84637
"1723","0",-0.07854,-1.7379,0.96082,-0.31685,-1.1943,-1.23177,-2.21069,1.81866,0.58489,-2.55524,-2.07848
"1724","0",-0.07854,1.16365,0.96082,-0.31685,0.13606,0.32197,0.58331,-0.76096,-0.52745,-2.55524,-0.84637
"1725","0",-0.95197,-1.7379,0.96082,-0.31685,-1.69163,0.32197,-1.82919,1.81866,0.7583,-0.21712,-1.18084
"1728","0",-0.07854,-0.61113,0.96082,-0.31685,0.62967,-1.37639,-0.71727,-0.01729,-0.78155,-0.21712,0.7654
"1732","0",1.09449,-0.05921,0.96082,-0.31685,-1.05308,0.80523,-0.58331,0.94156,1.46191,0.19268,0.07987
"1733","0",-0.07854,1.16365,0.96082,-0.31685,-2.42317,0.32197,-2.21069,2.03972,2.04506,-0.21712,-0.52593
"1736","0",1.82213,-2.43591,0.96082,-0.31685,-0.14882,0.16767,-0.71727,0.94156,0.58489,-0.71126,-0.52593
"1737","0",-0.07854,-0.05921,0.96082,-0.31685,0.22393,0.00332,-0.45174,0.28783,-0.00665,-0.71126,-1.18084
"1738","0",1.09449,0.45468,0.96082,-0.31685,-0.92104,0.32197,-0.58331,-0.15487,1.13407,-1.37983,-2.07848
"1739","0",-0.07854,0.45468,-0.57009,-0.31685,1.49158,0.63779,0.88309,-1.6209,-0.00665,-1.37983,-1.18084
"1741","0",0.49788,1.16365,0.96082,-0.31685,-0.58016,0.47617,-0.58331,-0.30172,0.93949,-0.21712,-0.84637
"1742","0",1.82213,-0.61113,0.96082,-0.31685,-0.46725,-0.94779,-1.42424,0.43852,-0.00665,-0.71126,-0.52593
"1743","0",-0.07854,-1.7379,0.96082,-0.31685,-1.86962,0.96248,-0.97631,2.23427,2.33337,-1.37983,-0.84637
"1744","0",0.49788,1.16365,0.96082,-1.10702,-0.24649,-0.57545,-0.58331,0.13136,0.12331,-0.21712,-1.18084
"1745","0",1.09449,-0.61113,0.96082,-0.31685,0.13606,0.80523,0.44585,1.45039,-0.14277,0.19268,-0.21575
"1747","0",-0.07854,-1.43719,-0.57009,-0.31685,2.61139,-0.43999,-0.45174,-1.92595,-2.04506,0.88113,-0.21575
"1749","0",-0.07854,0.45468,-0.57009,-0.31685,1.98437,0.63779,1.43533,-1.07533,-0.65253,1.29221,1.2247
"1751","0",-0.07854,-0.05921,0.96082,-0.31685,-0.14882,1.58487,-0.01928,0.13136,-0.40581,0.88113,0.07987
"1753","0",-0.95197,-1.22751,-0.57009,-0.31685,1.02119,1.45421,2.44904,-0.45321,1.13407,0.52975,0.7654
"1758","0",1.09449,-0.05921,0.96082,-0.31685,-0.58016,0.32197,0.14143,-1.34289,0.93949,0.19268,-0.21575
"1759","0",0.49788,-0.05921,0.96082,-0.31685,-0.24649,-0.57545,-0.17779,-0.30172,0.7583,0.88113,0.40148
"1761","0",-0.95197,0.45468,-0.28519,-0.31685,-0.79151,-1.09207,1.88511,0.28783,3.00537,-0.21712,1.2247
"1764","0",-0.07854,0.45468,-0.57009,-0.31685,0.82562,-1.23177,1.24033,2.75696,0.25953,-0.71126,-0.52593
"1766","0",-0.07854,-0.61113,-0.28519,-0.31685,0.91093,-0.94779,1.24033,-0.01729,-0.65253,-0.21712,-0.84637
"1767","0",0.49788,-0.05921,0.96082,-0.31685,-0.79151,0.47617,-1.11902,0.59042,-0.00665,-0.71126,-0.21575
"1774","0",-0.95197,0.45468,-0.57009,-0.31685,0.82562,-1.09207,1.43533,0.28783,1.13407,0.88113,1.92173
"1776","0",-0.95197,0.45468,-0.57009,-0.31685,-0.05188,0.32197,-0.01928,-2.5383,0.7583,0.88113,0.7654
"1780","0",-0.07854,-1.43719,0.96082,-0.31685,-0.34799,0.47617,0.7233,0.43852,1.30612,0.88113,0.40148
"1781","0",-0.07854,-0.61113,0.96082,-0.22166,1.23461,-0.80615,-0.84732,-1.07533,-0.89891,1.29221,1.92173
"1783","0",-0.07854,1.16365,0.96082,-0.31685,-0.14882,-0.57545,-0.45174,0.43852,0.25953,-1.37983,-1.54858
"1786","0",1.09449,0.45468,-0.28519,-0.31685,-0.34799,-1.09207,-0.17779,-0.60633,0.58489,-0.71126,-0.52593
"1792","0",-0.95197,-0.61113,-0.57009,-0.31685,0.82562,-1.7625,2.90161,0.13136,-0.78155,1.86203,1.2247
"1794","0",0.49788,-1.7379,0.96082,-0.31685,0.73545,-0.57545,-2.09015,-0.76096,-1.92173,-0.21712,-0.52593
"1804","0",0.49788,-0.05921,-0.57009,-0.31685,0.04257,-0.80615,-0.84732,-0.15487,-1.13788,0.52975,-1.18084
"1806","0",-0.95197,1.16365,0.96082,-1.10702,0.41667,-0.80615,-0.58331,0.13136,-0.40581,-1.37983,-1.54858
"1812","0",0.49788,0.45468,0.24923,-0.31685,0.91093,-0.69509,2.44904,-0.45321,1.46191,0.19268,1.2247
"1813","0",-0.95197,1.16365,0.96082,-0.31685,0.13606,0.32197,-0.97631,1.61108,0.93949,-0.71126,-1.18084
"1815","0",-0.95197,-0.61113,-0.57009,0.1144,-0.05188,-1.23177,0.29338,1.11406,0.25953,0.88113,0.7654
"1816","0",-0.07854,0.45468,-0.57009,-0.31685,0.13606,0.63779,0.58331,-0.60633,-0.14277,1.86203,0.7654
"1819","0",1.09449,-0.61113,-0.57009,-0.31685,1.37297,-0.15487,0.44585,0.43852,-0.65253,1.86203,-0.52593
"1821","0",-0.95197,-0.61113,-0.57009,-0.31685,1.23461,-1.23177,1.06238,-0.30172,-2.30408,0.88113,-0.21575
"1824","0",-0.95197,0.45468,-0.57009,-0.31685,0.22393,-0.30033,0.88309,1.2861,-0.00665,0.88113,0.07987
"1825","0",-0.07854,0.45468,-0.57009,-0.31685,-1.05308,-1.50796,0.14143,0.28783,0.25953,-0.21712,0.7654
"1826","0",-0.07854,1.16365,-0.57009,-0.31685,-0.34799,1.11406,0.44585,-2.5383,-0.14277,0.88113,1.2247
"1831","0",0.49788,0.45468,-0.57009,-0.31685,-0.34799,-1.09207,0.29338,-0.30172,1.30612,-0.21712,-0.21575
"1834","0",0.49788,-0.05921,-0.57009,-0.31685,1.98437,-1.92173,0.88309,0.28783,-1.78169,0.88113,-1.18084
"1835","0",0.49788,-0.61113,-0.57009,-0.31685,0.31287,-1.50796,0.44585,0.76096,-0.27607,-0.21712,0.7654
"1836","0",0.49788,-0.05921,-0.57009,-0.31685,-0.05188,-0.80615,-0.01928,0.59042,0.25953,-1.37983,-2.07848
"1845","0",-0.95197,0.45468,-0.57009,-0.31685,1.60383,-0.94779,1.24033,-0.91699,-1.38502,2.90161,1.92173
"1848","0",-0.07854,0.45468,-0.57009,-0.31685,2.127,-1.37639,1.88511,0.76096,-1.0145,0.19268,-1.18084
"1851","0",-0.07854,1.16365,0.96082,-0.31685,-0.14882,-0.15487,-0.45174,-0.30172,0.93949,-0.21712,0.7654
"1862","0",-0.07854,0.45468,-0.57009,0.1144,-0.34799,0.00332,1.24033,-0.15487,0.41594,0.88113,0.40148
"1864","0",-0.95197,-0.61113,-0.57009,-0.31685,0.62967,0.63779,2.90161,-1.07533,0.93949,0.88113,1.2247
"1866","0",-0.95197,-0.05921,-0.57009,-0.31685,0.04257,0.00332,2.44904,-0.60633,-2.18109,0.88113,1.2247
"1867","0",-0.95197,0.45468,-0.57009,-0.31685,0.13606,-0.80615,1.43533,0.28783,1.63088,-0.71126,-0.21575
"1871","0",-0.07854,0.45468,-0.28519,-0.31685,-1.05308,0.96248,1.88511,1.81866,1.30612,-0.71126,0.07987
"1881","0",-0.95197,-0.61113,-0.57009,-0.31685,-1.1943,1.74091,1.88511,0.76096,-1.13788,0.88113,1.92173
"1883","0",-0.07854,0.45468,-0.57009,-0.31685,1.13281,-1.37639,-1.27553,-1.772,-1.38502,0.52975,-0.52593
"1884","0",-0.95197,-0.61113,-0.57009,-0.31685,0.91093,-1.92173,0.29338,-1.6209,-2.57309,1.29221,1.2247
